time,seconds_elapsed,z,y,x
1639117759646282200,0.0732822265625,-0.22445932824909687,-0.0737919430501759,-0.0085986092582345
1639117759666363100,0.093363037109375,-0.10200140783786774,-0.0907590060725808,-0.32086335447132586
1639117759686444000,0.113444091796875,-0.10356441937088966,-0.017833324462920425,-0.7106564527839422
1639117759706525200,0.133525146484375,-0.4642565108835697,0.20754699108861385,-1.0384417154729366
1639117759726606000,0.153606201171875,0.07198211714923382,0.2079888896372169,-1.2329554027915
1639117759746687200,0.173687255859375,1.5340613328695296,-0.8312137272056191,-0.8098767054706811
1639117759766768000,0.19376806640625,2.076070945519209,-1.1251953583616763,-0.8990706541836261
1639117759786849300,0.213849365234375,1.6918325587242842,-1.8956492041781543,-2.727265155509114
1639117759806930200,0.23393017578125,0.41655718659758567,-1.8098463592082261,-2.775056249731779
1639117759827010800,0.2540107421875,1.7625988703429698,-1.4211261508241295,-3.5116613827645775
1639117759847092000,0.274092041015625,1.772373245382309,-1.900508334647119,-4.407778447839617
1639117759867172900,0.2941728515625,3.637610067901015,-2.7344764020621777,-3.8945080229401587
1639117759887252700,0.314252685546875,3.5395039139360187,-3.2988468996018168,-3.7400124577552076
1639117759907334000,0.334333984375,1.9415689515709875,-3.038400604431331,-4.555831412756443
1639117759927414800,0.354414794921875,1.7948247311651706,-3.7065436111345886,-4.139818416038155
1639117759947496000,0.374495849609375,0.8770154742419719,-2.913587060804665,-3.8522862532824274
1639117759967577000,0.3945771484375,0.3479389929234981,-2.565004217019677,-4.11358741171658
1639117759987657700,0.41465771484375,0.10526128641664981,-2.4943098015934226,-4.083772703689337
1639117760007739000,0.43473876953125,-0.7252724226355552,-2.559083594799042,-3.4746921268075703
1639117760027819800,0.45481982421875,-1.5779858147919177,-1.847507835213095,-3.520719133967161
1639117760047901000,0.47490087890625,-2.6335142741441726,-2.306521915398538,-3.2760978921771047
1639117760067982000,0.494982177734375,-3.5486072578459975,-2.4132173262715337,-1.9247732995927334
1639117760088063000,0.51506298828125,-5.246154687085747,-2.632959855131805,0.010662263789772987
1639117760108143900,0.535143798828125,-5.948569965746999,-2.1488164482563734,3.1980402545064686
1639117760128224800,0.555224853515625,-5.951696573334932,-1.6886320091173053,3.190417504543066
1639117760148306000,0.575305908203125,-5.158710796910524,-0.8173065632104873,3.3115257639110087
1639117760168386800,0.59538671875,-4.565361165384948,-0.9160492615133523,3.9988919420003888
1639117760188468000,0.615468017578125,-3.808663092394173,-0.6677081224173307,5.417395635366439
1639117760208548900,0.635548828125,-3.199235601770878,-0.14632979438602922,6.202763338002562
1639117760228629800,0.655629638671875,-2.0813371954843403,0.45258886944353577,6.140664901486039
1639117760248711000,0.6757109375,-1.2239596109092234,1.263145958393812,5.420395401704311
1639117760268791800,0.695791748046875,-0.9175576202496886,2.3104466876268384,4.698928801092505
1639117760288873000,0.715873046875,-0.2607978850871324,3.1993443228423595,4.603653486639261
1639117760308954000,0.7359541015625,-0.1946639094442129,4.3267946935892105,4.687360528373718
1639117760329034800,0.75603466796875,-0.1930640730321407,3.7752000909924504,5.783510920971632
1639117760349116000,0.776115966796875,0.5912693181201816,3.7852322401851413,5.8261751736998555
1639117760369196800,0.79619677734375,1.1329784865185617,3.8791502948105334,5.724025881823897
1639117760389278000,0.81627783203125,1.5863827639982104,2.9405314740926025,4.862266428902745
1639117760409359000,0.836359130859375,1.7416607117325067,1.9741566314429044,2.2015438298374415
1639117760429440000,0.85643994140625,3.325837197858095,2.310900861135125,1.0197323388278483
1639117760449521000,0.87652099609375,1.6635174416050313,0.45616205175518987,0.9417588723093271
1639117760469601800,0.896601806640625,3.9771398366585373,-0.6900923881828784,0.262134102126956
1639117760489683000,0.916682861328125,6.591592559719086,-0.8183949429690838,-1.738066486632824
1639117760509763800,0.936763916015625,4.694083406887948,-1.6172352906405925,-2.134079482373595
1639117760529845000,0.956844970703125,2.1730039640516043,-1.9624328759014604,-1.3624866225898264
1639117760549926000,0.97692578125,2.018022368915379,-0.6369172628343105,-0.021690438282489774
1639117760570006800,0.9970068359375,-1.527605873119831,2.4057652566999197,0.3598474573820829
1639117760590088000,1.017087890625,1.3027467318981885,1.7406278615534305,0.06927519627809524
1639117760610168800,1.0371689453125,-1.3499186713092028,2.4876786930158734,-0.022515198668837545
1639117760630250000,1.05725,-2.720150355067849,1.1212234590560197,0.6710159317910671
1639117760650331100,1.0773310546875,-0.9386607601635157,0.7371630591765046,-1.0418681827902794
1639117760670411800,1.097411865234375,1.2202959738351404,-0.5891282144382596,-2.1838409998863932
1639117760690493000,1.117492919921875,1.1018822142481803,-0.1135249646320939,-0.8607377086579799
1639117760710573800,1.13757373046875,-1.4481957979269324,0.6315066359624266,0.020762802043557165
1639117760730655000,1.157655029296875,-3.0817759280383585,0.9207365425467491,0.7766115647286176
1639117760750736000,1.17773583984375,-3.544727786064148,-0.02664893747270107,1.0673720418810844
1639117760770816800,1.197816650390625,-0.7266214991569518,-0.5474488810941577,1.1826251454800367
1639117760790898000,1.21789794921875,1.2036219024099408,-0.9121531308576464,1.011601639342308
1639117760810979000,1.23797900390625,2.939856935831904,-1.4098147754758596,0.04295534462928772
1639117760831060200,1.258060302734375,2.5066098957180976,-1.4284300440967082,0.26969956894516944
1639117760851141000,1.27814111328125,0.8851007271505892,-1.5312269862264394,0.30319618035554885
1639117760871222300,1.29822216796875,-0.54837227954939,-1.063943236476183,0.29277006340920925
1639117760891303400,1.318303466796875,-1.3704254527650772,-1.157025424799323,1.223846798184514
1639117760911383000,1.338383056640625,-0.8928922578096389,-1.6609014138877392,2.118952640390396
1639117760931464200,1.358464111328125,-0.09248290725573897,-1.4466051677346228,1.3339134390562772
1639117760951545300,1.37854541015625,-0.13335750008821487,-0.8805752125501632,0.09247194747030735
1639117760971626200,1.398626220703125,0.4665864151358604,-1.014559320104122,-0.33873218863904475
1639117760991707100,1.41870703125,0.31628464837893844,-0.46342473623454566,-1.0658066922605036
1639117761011788000,1.4387880859375,0.36782026289217173,-0.6413116984009742,-1.0332447313517332
1639117761031869200,1.458869140625,-0.5711258900839835,-0.6357400357484817,-0.6699667149990797
1639117761051950300,1.478950439453125,-1.0454711757183075,0.0680962156265974,0.6626140141487121
1639117761072031200,1.49903125,-0.9831868612408637,0.717604079964757,0.9594394904285669
1639117761092112400,1.5191123046875,-0.8345522970438003,1.017830596859753,0.5669681128174067
1639117761112193000,1.539193115234375,-1.2368027258694172,1.364988376277685,1.1506985598653554
1639117761132274200,1.559274169921875,-0.2606756469469517,0.6978706209689378,-0.34324937380254267
1639117761152355000,1.57935498046875,-0.365005863058567,0.43161447047591206,-2.0325252337813375
1639117761172436200,1.599436279296875,-1.2786708597838878,2.253231639237702,-2.3569863204836845
1639117761192517400,1.619517333984375,-0.9158828189052641,4.392841283209622,-0.46970893107056616
1639117761212598000,1.639597900390625,0.8751054028369486,1.7512132607147097,1.5296487771242857
1639117761232679200,1.65967919921875,-0.2777618793696165,-0.1630845298320055,1.3609832322895525
1639117761252760000,1.679760009765625,-0.46081718408465383,-0.6022744039982557,1.961219408458471
1639117761272841200,1.69984130859375,0.03354161959588527,-1.27632605022341,3.2814117806762453
1639117761292922400,1.71992236328125,0.8451762746497988,-2.155857306678593,2.1602853522539136
1639117761313003300,1.740003173828125,0.4270683514788747,-1.0149041880190373,2.118905878639221
1639117761333084200,1.760084228515625,1.1638321822047233,-2.641713362690806,0.36022096686959265
1639117761353165000,1.7801650390625,-0.5593494545072317,-2.688607800334692,-0.3612625848770141
1639117761373246200,1.80024609375,-0.22469868996292353,-2.0037872150748965,0.023253449815511702
1639117761393327400,1.820327392578125,0.636931291359663,-0.1746880199946463,0.6951783131450414
1639117761413408300,1.840408203125,-2.111274360847473,1.8692690006442367,-1.1943056464016437
1639117761433489200,1.8604892578125,3.1680878915742037,1.166555469688773,1.7506518274396656
1639117761453570000,1.880570068359375,-5.441515346622467,-1.0182651158194989,-6.8778422814488405
1639117761473651200,1.900651123046875,1.0886341717489063,3.7056744270846247,1.183525309190154
1639117761493732000,1.920732177734375,0.39170506941378114,-0.14410130468159912,0.07098726089298725
1639117761513813200,1.940813232421875,-0.4268194912843406,3.170442638006806,-5.07346821617186
1639117761533894400,1.960894287109375,-0.03972659184113145,2.6013874897822737,-3.2564117794543503
1639117761553975000,1.98097509765625,-1.1942274665988981,2.0096528922379018,0.8119108416467905
1639117761574057200,2.00105712890625,-1.5484779807567595,1.851194707032293,-0.020581015735864638
1639117761594138000,2.02113818359375,-1.074925087609142,0.3851650001205504,-0.26390286536514757
1639117761614219300,2.04121923828125,0.48685222744271156,0.38145986199229953,-0.011946458381414412
1639117761634300200,2.061300048828125,2.7872651584416626,-0.3707109428323805,-1.32859312081635
1639117761654381300,2.08138134765625,4.035231083360314,-0.9724847038321196,-2.7245500513315197
1639117761674462200,2.101462158203125,4.006678358092904,-1.1719561596885322,-2.894336709150672
1639117761694543000,2.121543212890625,0.8003034059613943,-1.2438995522625744,-0.8820090447455644
1639117761714624300,2.141624267578125,-2.1673405314624308,-0.37629349220506847,-0.06116553958058357
1639117761734705200,2.161705078125,-2.1694974172353745,-0.265027631611377,3.1394822670757767
1639117761754786300,2.181786376953125,-1.575947002440691,-0.4187332519950345,2.773675609028339
1639117761774867200,2.2018671875,-0.42036125505566596,0.6896528277218341,0.38111762442588804
1639117761794948000,2.221947998046875,0.7164109246574342,-0.3950065951772034,-1.3714631252497433
1639117761815029200,2.242029296875,1.6731130990765988,-0.25095661882404235,0.27246611104905605
1639117761835110000,2.26210986328125,1.2937433412313462,1.0164544862009584,-0.5581693048119545
1639117761855191000,2.28219091796875,0.07520327115282416,-1.0486639073450117,-1.3108750932961701
1639117761875272000,2.30227197265625,-0.2599988436639309,-0.03637406654283404,5.100184373661875
1639117761895353000,2.32235302734375,-0.27940876979380846,-2.34370627541095,2.0930524754583835
1639117761915434200,2.342434326171875,-2.729883521313965,2.5911358526200057,1.063045995375514
1639117761935515000,2.362514892578125,1.1471651250422,0.41471243551373477,-1.9863994424223899
1639117761955596000,2.382595947265625,-0.12466712089329957,-0.17143581326566634,0.5428741205245257
1639117761975677000,2.402677001953125,-0.09530307924300431,-0.15546923252269626,-1.3089736435890198
1639117761995758000,2.422758056640625,-0.3780149822354317,0.18329364351555705,-1.925137456730008
1639117762015839000,2.4428388671875,-2.0725725820094345,0.8092816621869802,-0.4548316799342632
1639117762035920100,2.462920166015625,-1.23505354411453,0.4939069682598114,-0.9583458499729632
1639117762056001000,2.4830009765625,-0.10129735122174024,0.8068208250313996,-0.018808160844445226
1639117762076082000,2.50308203125,0.2072305455505848,-0.07423720259964466,-0.9094330582439899
1639117762096163000,2.5231630859375,0.9907666488453746,-0.6412070689827203,-0.39761283215284343
1639117762116244000,2.543243896484375,1.064166523838043,-1.554685603225231,0.8381845160663127
1639117762136325000,2.5633251953125,0.6238004454992712,-0.7571253584921359,0.23050620719790457
1639117762156406000,2.583406005859375,-0.13662000901550053,1.3837287325829266,0.8389116612970828
1639117762176487000,2.60348681640625,-0.45031347185745835,1.1604133136719466,0.9600289807543158
1639117762196568000,2.623568115234375,-0.2763853303194046,0.3888280526727438,1.6188041473925112
1639117762216649000,2.64364892578125,0.6823439660131931,1.3790870442569254,1.4813812975615261
1639117762236730000,2.663730224609375,-0.013466288359835743,0.410924149146676,0.3294441358119249
1639117762256811300,2.683811279296875,0.780389329701662,-1.012967082476616,-0.19873481214493513
1639117762276892000,2.703891845703125,0.08776011651754378,-1.387995157855749,-0.41496641027480363
1639117762296973000,2.72397314453125,-0.10919453421235084,-1.3752607639670371,-1.121116783811152
1639117762317054000,2.744053955078125,-0.15764248490855096,-1.2740186500638722,-2.108223448844254
1639117762337135000,2.764135009765625,-0.005707125600427389,-0.1226946517765522,-1.3676397675693035
1639117762357216000,2.784216064453125,-0.27764614403545856,1.5541817453563211,-0.36552579527944323
1639117762377297000,2.804296875,1.9525508027039467,2.3190029190480708,0.0936827845647931
1639117762397378000,2.8243779296875,-0.8734393693208694,0.9315139571487903,0.0677168609201908
1639117762417459000,2.844458984375,-1.6770972002767026,-0.9476870933145284,-0.6720172177881002
1639117762437540000,2.8645400390625,-1.6225614540994167,-0.28397242444753645,0.20020254660993814
1639117762457621000,2.88462109375,-1.3709221502408384,-0.3343050198465585,1.71584296438694
1639117762477702100,2.9047021484375,-1.1900777995735405,-2.0238930145144463,1.6843012864366174
1639117762497783000,2.924782958984375,-0.27227731047868725,-2.253099245029688,1.4978642303287981
1639117762517864000,2.944864013671875,-0.6782733555734157,-1.239486850386858,1.215734218877554
1639117762537945000,2.964945068359375,-0.0759825849622488,-0.07983633778095245,1.101951772353053
1639117762558026000,2.98502587890625,2.398358779835701,-1.0328034173250198,-0.13370222187265754
1639117762578107100,3.005107177734375,3.9191397753715513,-0.7302800216645002,-0.5085417889423668
1639117762598188000,3.02518798828125,2.2223633305042982,0.349871422290802,0.8471525431588292
1639117762618269000,3.04526904296875,1.3308102123439312,0.2525350836545229,0.7321418700136244
1639117762638350000,3.06535009765625,2.189710038050264,-0.23457915572524068,0.20828677660524844
1639117762658431000,3.085430908203125,0.07636953845322132,-2.2931857562243936,-1.4915239213913678
1639117762678512000,3.10551220703125,-5.437234308302402,-1.8531009790450332,-1.1755087376035749
1639117762698593000,3.125593017578125,-3.06627440752387,0.009770867908000946,-0.3729102064423263
1639117762718674000,3.145673828125,-1.6149860504090785,0.7474713949620724,0.4990742878951132
1639117762738755000,3.165755126953125,-1.4786311220705508,0.20651275267004965,-1.174134965032339
1639117762758836000,3.1858359375,-2.625645440465212,0.30286475644409655,-1.8554704846553502
1639117762778917000,3.205917236328125,-1.456554899340868,0.2068026755273342,-1.6942602242626248
1639117762798998000,3.225998046875,2.488454645824432,1.0098732081145048,-0.440545234297961
1639117762819079200,3.2460791015625,3.408980760490894,2.1268834333896636,1.4678300343319772
1639117762839160300,3.266160400390625,1.4401917935609816,0.651743076044321,1.2715659962147474
1639117762859241200,3.2862412109375,0.13124262682609258,0.8725573257893323,-0.106242844799906
1639117762879322400,3.306322265625,-0.6514356175303458,0.7306447633236646,-0.5470000413481145
1639117762899403300,3.3264033203125,-0.3121744731137529,2.083531198397279,-1.754373039919883
1639117762919484400,3.346484375,0.6890379106938839,2.2848609954714774,-3.33341903128922
1639117762939565000,3.36656494140625,-0.4164601194312796,0.7647896095097064,0.6304806539155543
1639117762959646200,3.386646240234375,-1.0738590658128262,-1.0676643028259276,1.039052833108604
1639117762979727400,3.406727294921875,0.42967970302104946,-2.0993828475236893,0.6537134993344546
1639117762999808300,3.426808349609375,1.6854232762038708,-2.1344366252481937,0.10346037447452544
1639117763019889400,3.446889404296875,-1.1834030710499732,2.2529040147185326,-0.6042549102909862
1639117763039970000,3.466969970703125,0.11202712728977203,2.4565216304689645,1.2750307497158646
1639117763060051200,3.48705126953125,0.4832360097069293,1.305381172055006,1.3777894056618212
1639117763080132400,3.50713232421875,-0.9899375776100903,-0.4141454492807388,2.0576175894618034
1639117763100213200,3.527213134765625,-2.046478940331936,-0.7302981418430805,2.763250076603889
1639117763120294400,3.54729443359375,-1.4739993706166743,-0.09447276589870453,3.495707442307472
1639117763140375300,3.567375244140625,-0.7467419116437435,-0.9734913966566323,2.0023700417533514
1639117763160456200,3.587456298828125,0.14608199363742022,-1.3055875082820654,0.25948965203277763
1639117763180537300,3.607537353515625,1.4159540088832379,-0.4903840548306703,-0.2307744296800345
1639117763200618200,3.6276181640625,0.6499965246379376,-0.2153776116490364,-0.34354631092250343
1639117763220699400,3.647699462890625,0.15851941387355326,-0.1894049660027027,-0.8774997506275772
1639117763240780300,3.6677802734375,-1.062504728105664,-0.01931611036658287,-1.9009020101398229
1639117763260861400,3.687861328125,-0.4924626146703958,-0.1787128915965557,-1.303786304078996
1639117763280942000,3.707942138671875,-0.7399614577233791,-0.5599941821515559,-1.6490367885708808
1639117763301023200,3.728023193359375,-0.1226940307220444,-0.9865618906319141,-2.7085838359147307
1639117763321104400,3.7481044921875,0.4065162695765495,-1.3448083425581454,-1.4523273447737097
1639117763341185300,3.768185302734375,-0.3187607927015051,-2.2710768002688884,-0.9067282562647014
1639117763361266400,3.788266357421875,1.4008417799472808,-2.4534020371437073,-0.535388660139963
1639117763381347000,3.80834716796875,1.8642741149663924,-1.7480618109464645,-0.2896507988775149
1639117763401428200,3.82842822265625,1.1143559844393283,-1.0134744474768638,-0.26367965106852354
1639117763421509400,3.84850927734375,0.34452538508772845,-0.5256190343409777,-1.100489883106947
1639117763441590300,3.86859033203125,-0.1272859981548041,0.4536953693807125,-1.413070270140469
1639117763461671400,3.88867138671875,0.8616740396600217,1.3295020523548124,0.09509389347173273
1639117763481752300,3.90875244140625,1.440236217224598,1.802185030800104,1.5867977745398878
1639117763501834500,3.92883447265625,0.5974585281491279,2.215786874723434,2.058373960787058
1639117763521914400,3.948914306640625,0.14628142519965767,2.7276059317708015,1.034384549036622
1639117763541996300,3.968996337890625,-2.330743479593843,1.2266063260257243,-3.598996551868319
1639117763562077200,3.9890771484375,-2.447430561518669,0.4179699760049581,-2.783080566233396
1639117763582158300,4.009158447265625,0.027439941719919442,1.860315148207545,0.9927157370865345
1639117763602239500,4.029239501953125,1.285593352523446,2.8443589185386893,2.671904210554063
1639117763622320000,4.049320068359375,0.282091433006525,0.8223387121587992,0.6010448622033
1639117763642401300,4.0694013671875,-0.9769272163242101,0.7269155136674642,1.4941493014588951
1639117763662482200,4.089482177734375,-1.2962987248025835,-0.08140694809854031,0.7756436695445329
1639117763682563300,4.109563232421875,-1.0196224487125873,-0.04157470392584801,0.566598110461235
1639117763702644200,4.129644287109375,-0.7571241894483566,-0.4047340623348951,0.631410774372518
1639117763722725400,4.149725341796875,-0.7326235160507262,-0.7042880867958068,0.7873783848714083
1639117763742806300,4.16980615234375,-0.04831307227015495,-1.1807476611703633,0.06891951470822096
1639117763762887200,4.18988720703125,0.3580145428664982,-1.3635071978092193,-0.45667405639793723
1639117763782968300,4.20996826171875,-0.18248247326314448,-1.8664801005780696,-1.8372876161023974
1639117763803049200,4.23004931640625,1.1193033777136354,-0.9360305577903986,-1.3520713192984462
1639117763823130600,4.250130615234375,1.2664987759530544,-0.7436912919014692,-0.057144905762374396
1639117763843211500,4.27021142578125,-0.4267927494078874,-1.4495990888535975,-0.8526476334437727
1639117763863292400,4.29029248046875,-0.867725667849183,-0.25607085656523704,0.14965254560057073
1639117763883373600,4.31037353515625,0.2968167449841276,0.290200505182147,0.9875415493190288
1639117763903454500,4.330454345703125,0.07494743322823197,-0.190411512696743,0.9629836658414452
1639117763923535600,4.35053564453125,0.35571609319839625,-0.7176777297228575,0.7325786539956927
1639117763943616500,4.370616455078125,0.8650725229918956,-0.059175827068090436,0.6849763603433966
1639117763963697400,4.390697509765625,0.5396294760474935,0.5890238772809505,0.09916260421536863
1639117763983778600,4.410778564453125,0.6245114433128386,0.9551409164518118,-0.2804934232253581
1639117764003859500,4.430859375,-1.1593904003649949,-0.3620002515017986,-1.672186778011918
1639117764023940600,4.450940673828125,-2.2286451872527597,0.37107086218595503,-0.564326658397913
1639117764044021500,4.471021484375,-1.6687690785229206,0.905464154613018,0.5043403186645359
1639117764064102400,4.491102294921875,0.25929394679758694,-0.1730178948253393,-0.46792884272076185
1639117764084183600,4.51118359375,2.4327923798352478,-0.17250059295296669,-0.2886420236937702
1639117764104264400,4.531264404296875,0.31285361448433247,0.4944891520619392,0.28992731426395474
1639117764124345600,4.551345703125,-1.7241946131467818,-0.10715163020789623,-0.6028318186853081
1639117764144426500,4.571426513671875,-2.0556261233836413,-0.2013444101214409,-1.1126572907626628
1639117764164507600,4.591507568359375,0.09272153831720352,0.24617373192906378,-0.2123018574655056
1639117764184588500,4.611588623046875,1.0452151551306248,0.06816460468769073,0.011481252022460102
1639117764204669400,4.63166943359375,-0.002389525485038757,-0.1982102037489414,0.024029694885015485
1639117764224750600,4.65175048828125,0.32506782042384147,-0.2148632323861122,0.35106121659725903
1639117764244831500,4.67183154296875,1.0563958167713134,-0.09247253199219703,0.35666539327986535
1639117764264912600,4.69191259765625,0.541307053870894,-0.19192600891292094,0.5394467398917302
1639117764284993500,4.71199365234375,0.43009822069406506,-0.16425006648004054,0.3570353225708008
1639117764305074400,4.732074462890625,0.11075403861403464,-0.09019757279753685,0.0994870869293809
1639117764325155600,4.752155517578125,-0.08611651402898132,0.007234627428650856,-0.11853190607391297
1639117764345236500,4.772236572265625,0.21311616952307522,0.06585749678909779,-0.32986385906133797
1639117764365317600,4.792317626953125,0.2755974678773433,0.10643734445869922,-0.17173665937576443
1639117764385398500,4.8123984375,0.0655856210451573,0.1340448978304863,-0.28011015952881424
1639117764405479400,4.8324794921875,0.1548971317231655,0.10388006119132041,-0.19087416177242994
1639117764425560600,4.852560546875,-0.27152729582898316,0.0798076962083578,0.08256075777616351
1639117764445641500,4.872641357421875,-0.1782972234677523,0.012998597782850264,-0.027588885203935206
1639117764465722600,4.89272265625,-0.2441067163966596,0.05910159278810024,0.22623035650961099
1639117764485803500,4.912803466796875,-0.09858546191453933,-0.04054185374677181,0.22067133414298296
1639117764505884400,4.932884521484375,-0.03046710752137005,-0.05945289044380188,0.17682842955682426
1639117764525965600,4.952965576171875,0.05376848813183605,-0.02613572725355625,0.057045792769454415
1639117764546046500,4.97304638671875,-0.0772369689375162,0.09954816946685313,0.03456570194661617
1639117764566127600,4.993127685546875,-0.05276413339488208,0.056444940799474715,0.07122512476947158
1639117764586208500,5.01320849609375,0.1473159558791667,-0.009057751202583312,0.14693912192340938
1639117764606289700,5.03328955078125,0.1021301487840712,-0.037381928411126135,0.07118387944363057
1639117764626370300,5.053370361328125,0.008285670851543546,0.004314356067776679,-0.05231971409562975
1639117764646452500,5.073452392578125,-0.11048859261088073,0.10665011042654514,-0.15376114996317772
1639117764666533400,5.093533447265625,-0.15466266538016496,0.09371697909533977,-0.08695000571105628
1639117764686614500,5.113614501953125,-0.009483283138275145,0.03320435046553612,0.04612257648855447
1639117764706695700,5.13369580078125,0.0755026194255799,-0.04668868593871593,0.16443894011564553
1639117764726776600,5.153776611328125,0.0746978423813358,-0.020737083080410956,0.1813335589563474
1639117764746857700,5.173857666015625,0.04274608579277992,0.012064531803131103,0.10736118130534887
1639117764766938400,5.1939384765625,-0.058564380638860165,0.0009516016364097595,0.03943356371130794
1639117764787019500,5.21401953125,-0.05177694898843765,0.004492050722241401,-0.018279753056168555
1639117764807100400,5.234100341796875,0.023357494711875915,-0.03686228845119476,-0.024450258384644985
1639117764827181300,5.254181396484375,0.10406126297712326,-0.048614685565233226,-0.008516191671788692
1639117764847262500,5.274262451171875,0.05037760358452797,-0.042816812941432,-0.03853402105569839
1639117764867343400,5.29434326171875,-0.031278935360908505,0.046925417304039,-0.09810995335727929
1639117764887424500,5.314424560546875,0.04504975962527096,0.038359249010682106,-0.07637045176867395
1639117764907505400,5.33450537109375,0.032007834157347675,0.016813187634944916,-0.058870414380729194
1639117764927586300,5.35458642578125,0.0704151600934565,0.010864508363604544,-0.03818162742145359
1639117764947667500,5.37466748046875,0.049776130560040474,-0.0432698174059391,0.02915565959662199
1639117764967748400,5.394748291015625,0.017853709663823245,-0.04397650437057018,-0.0027733006382361053
1639117764987829500,5.41482958984375,0.06510170998573303,-0.017935469663143157,-0.08977730155885219
1639117765007910400,5.434910400390625,0.03587561550140381,0.004804769933223724,-0.07477204012870788
1639117765027991300,5.4549912109375,-0.024940379989147186,-0.04646130692362785,-0.049316988615691656
1639117765048072400,5.475072509765625,0.021578794601559637,-0.02727028424143791,-0.02325754146873951
1639117765068153300,5.4951533203125,0.0793931971233338,-0.01930909610390663,-0.014899974424764513
1639117765088234500,5.515234375,0.04447342104203999,0.03578384556472301,-0.02804831940922886
1639117765108315400,5.5353154296875,-0.03960252707004547,0.06897124489545822,-0.08918050470948219
1639117765128396500,5.555396484375,-0.09610825814604759,0.09045826956033706,-0.05204875166714191
1639117765148477400,5.5754775390625,-0.06341594885587692,0.030679215902090072,-0.03845686416625976
1639117765168559400,5.595559326171875,0.06772972040176391,-0.014992401948571205,0.01751227581501007
1639117765188640300,5.61564013671875,0.08752155852131545,-0.012892214798927307,0.09469787989147006
1639117765208721400,5.635721435546875,0.03406250166483223,-0.06618599809110164,0.05210015306081622
1639117765228802600,5.655802490234375,-0.0005692512553185224,-0.03597381517887115,-0.005792392731085419
1639117765248883500,5.675883544921875,-0.02127250513136387,0.029774376016855238,-0.05626958423256874
1639117765268964400,5.69596435546875,-0.030344869381189344,0.06931903541982173,-0.05352057778537273
1639117765289045200,5.716045166015625,-0.05711823695115745,0.05581891785562038,-0.02212623588386923
1639117765309126400,5.73612646484375,0.12927052303552627,0.00770107589662075,0.010857201839983463
1639117765329207300,5.756207275390625,0.03479709954969585,-0.003097381493449211,0.08103055253420025
1639117765349288400,5.776288330078125,-0.027525647241994737,-0.03274783886969089,0.07827270519342273
1639117765369369600,5.79636962890625,-0.0574041412204504,0.012090250766277313,0.09451543599665164
1639117765389450200,5.8164501953125,-0.038024829424545166,0.02431143443584442,0.09288838278409094
1639117765409531400,5.836531494140625,-0.023722309436276554,0.046292964619398115,0.09028587213549763
1639117765429612300,5.8566123046875,0.08100180136375129,0.019001053068041802,0.07688073937837034
1639117765449693400,5.876693359375,0.04159983836710453,0.012965864557027817,0.05748568202406168
1639117765469774600,5.896774658203125,-0.033684242936968804,0.03980009546875953,0.023515315622091294
1639117765489855200,5.916855224609375,-0.03880991538763046,0.038814591562747955,-0.04452624720782041
1639117765509936400,5.936936279296875,-0.010249079879000783,0.08900923979580402,-0.043958639920316636
1639117765530017300,5.957017333984375,-0.02887596587240696,0.0220727155983448,-0.009913783510029315
1639117765550098400,5.977098388671875,-0.06303001827821135,-0.011288871255517006,0.09721176240853965
1639117765570179600,5.9971796875,-0.21068799252808093,-0.055504445078969,0.13180384090542793
1639117765590260500,6.017260498046875,-0.19197393970787524,-0.01593991193175316,0.11357201864421367
1639117765610341400,6.03734130859375,-0.11737141092717647,0.01938274586200714,0.14102701180279253
1639117765630423300,6.05742333984375,-0.028846155256032943,0.07788871084451675,0.1419879657894373
1639117765650504400,6.07750439453125,0.045562896779179574,0.05365326425433158,0.07992752319574356
1639117765670585300,6.09758544921875,0.08349303365759551,0.08242343166470527,0.03549834315422922
1639117765690666500,6.11766650390625,0.060600891435146326,0.040109892070293425,0.01704991900026798
1639117765710747400,6.137747314453125,0.056000631098076695,-0.026530279529094696,0.028763774202205238
1639117765730828300,6.157828369140625,0.058200260034203526,-0.07596855643689632,-0.006750935564935207
1639117765750909400,6.177909423828125,0.04432780202627182,-0.0484632943958044,-0.08847703261524438
1639117765770990300,6.197990234375,0.0649280339192599,-0.04649754728078842,-0.16055965099688618
1639117765791071500,6.218071533203125,0.06433006802611052,-0.06986147173345089,-0.16461623291131108
1639117765811152400,6.23815234375,0.08612345522642136,-0.10488777692914009,-0.09855769712477921
1639117765831233300,6.2582333984375,0.042810383200645445,-0.057635611888766286,-0.18293606224954126
1639117765851314400,6.278314453125,0.06041567106135189,0.0016524433821439742,-0.1855562181526795
1639117765871395000,6.29839501953125,0.03606156652756035,-0.01733575020432472,-0.1351035035053268
1639117765891476200,6.318476318359375,0.03933708106689155,-0.01628302628099918,-0.1317988359367475
1639117765911557000,6.33855712890625,0.12730711400806904,0.038565585237741465,-0.11235767441838979
1639117765931638300,6.35863818359375,0.016640169155597687,0.02465162617564201,-0.1443427122220397
1639117765951719200,6.37871923828125,0.043022491581365466,0.02264963870346546,-0.10603574138786644
1639117765971800000,6.398800048828125,0.01581942735724151,0.021877485287189483,-0.051993770076893264
1639117765991881200,6.418881103515625,-0.027802199161052702,0.02314998944103718,-0.023803484913706777
1639117766011963100,6.438963134765625,0.0117721977930516,-0.006688099461793899,-0.00439293772932142
1639117766032044300,6.459044189453125,-0.034560879641026256,-0.058015551117062567,0.05669738119058311
1639117766052125200,6.479125244140625,-0.12139467509388922,-0.050072483158111566,0.04678922370374203
1639117766072206300,6.499206298828125,-0.030537761604785916,0.005341361027956008,0.004101590099930763
1639117766092287200,6.519287353515625,0.0267429724317044,0.01026654247045517,-0.023023403919301924
1639117766112368000,6.5393681640625,0.006094882808998227,0.02004500916302204,-0.06625822307709604
1639117766132449000,6.559448974609375,0.012697057553008198,-0.0022989245921373365,-0.06987495226953178
1639117766152530200,6.5795302734375,-0.08713986572735011,0.011961655950546263,-0.11082071064207702
1639117766172611300,6.599611328125,-0.06101349082402885,0.0007137012273073196,-0.06430855031404643
1639117766192692200,6.619692138671875,-0.05993336743712425,0.0036398178070783612,-0.07867255469858646
1639117766212773000,6.639773193359375,-0.14087795872092246,0.06196399648189544,-0.07118015311658382
1639117766232854000,6.65985400390625,-0.10366086548268795,0.03467676110565662,-0.038085108244419096
1639117766252935200,6.67993505859375,-0.024318448698520657,0.017177929294109343,-0.011596914291381835
1639117766273016300,6.700016357421875,0.013004443001747131,-0.011588730984926222,0.034573300731182095
1639117766293097200,6.72009716796875,-0.05809972226917744,-0.02512625795006752,0.05832067154347896
1639117766313178400,6.740178466796875,-0.0789198805231601,0.0074491469621658325,0.03524962909016758
1639117766333259000,6.760259033203125,-0.08716324660293757,0.03432137179672718,0.04979043308002874
1639117766353340200,6.780340087890625,-0.11955109305381774,0.012976385951042174,0.0911079656407237
1639117766373421300,6.80042138671875,-0.22738770985119044,0.010197568887472152,0.1596682733814232
1639117766393503200,6.820503173828125,-0.24258016441650687,0.050478725871443746,0.1905997652778402
1639117766413584100,6.840584228515625,-0.2759608943622559,0.17372925796508787,0.2051794399733655
1639117766433665300,6.860665283203125,-0.3175234694588929,0.2226584163069725,0.22889413235876707
1639117766453746200,6.88074609375,-0.3238905933380127,0.18103344349861145,0.31268384740799665
1639117766473827000,6.9008271484375,-0.2730904534924775,0.10699088668823241,0.39805038331989195
1639117766493908200,6.920908203125,-0.29507183754555877,0.07323240947127342,0.40694907150324433
1639117766513989000,6.940989013671875,-0.2979635403990745,-0.01603577352166176,0.3840349731773138
1639117766534070300,6.9610703125,-0.23338198182992637,0.07835983548760414,0.39878479854166504
1639117766554151400,6.9811513671875,-0.1304763916939497,0.1995475898325443,0.4282642832651734
1639117766574232000,7.001232177734375,0.13607676898427307,0.23357143998742103,0.47858694179207084
1639117766594313200,7.021313232421875,0.06535663459487259,0.14900924272835253,0.5780456794098019
1639117766614394000,7.04139404296875,-0.3376039883267134,0.06894260332286357,0.8171358828186989
1639117766634475300,7.061475341796875,-0.28014848224520683,-0.14134908336400984,1.042334923519194
1639117766654556200,7.08155615234375,-0.2687649184435606,-0.2082709945142269,1.2328481430247424
1639117766674637000,7.101636962890625,-0.20531499425284563,-0.24656243898570537,1.3699220332875848
1639117766694718200,7.12171826171875,0.009562193593382834,-0.19241408469080923,1.4133718834355473
1639117766714799000,7.141799072265625,0.25657990206591785,-0.17415128276944158,1.45370681643337
1639117766734880300,7.16188037109375,0.4919523270606994,-0.010427870512008667,1.422986391738057
1639117766754962200,7.181962158203125,0.7994272076487541,-0.18282734117805957,1.25956926895082
1639117766775043300,7.202043212890625,1.083432365322113,-0.3526139989972114,1.1178849622830749
1639117766795124200,7.222124267578125,1.4174036231696605,-0.4723685056686401,1.2022530982747672
1639117766815205600,7.24220556640625,1.7006103239417074,-0.7114478954225778,1.3408435305804014
1639117766835286500,7.26228662109375,1.8818892666339873,-0.9262474149227142,1.5457780741482972
1639117766855367400,7.282367431640625,2.227755544936657,-1.3781214140951632,1.8323016443833708
1639117766875448600,7.302448486328125,2.1997709749460217,-2.0417145024091004,1.7344447890043257
1639117766895529500,7.322529541015625,1.0050876543384044,-2.670962838050723,0.8800563763078302
1639117766915610600,7.342610595703125,0.9968635044157504,-2.5869319711893795,0.019076164130866526
1639117766935691500,7.36269140625,1.2142775903284548,-2.2793740884929896,-1.4501342186436057
1639117766955772700,7.382772705078125,-0.9449870405755937,-1.1597750157684088,-3.3271211001887915
1639117766975853600,7.402853515625,-0.7286794546000659,0.23201602723896503,-2.923665679487586
1639117766995934500,7.4229345703125,-0.0593754412934184,0.8903039948821068,-1.6677005725085734
1639117767016015600,7.443015625,1.5712138364389538,0.23768179791569707,-0.47436757053136824
1639117767036096500,7.463096435546875,0.6984779392123222,0.20783143405318258,-0.24014351185411215
1639117767056177700,7.483177734375,-0.8460276307821273,0.8296504964768886,-0.17106588397473096
1639117767076258300,7.50325830078125,-0.9883531579628586,1.4497656775921581,-0.3024094138920307
1639117767096340500,7.523340576171875,-0.93120679089576,1.7388129210859535,-0.08433978668004274
1639117767116421400,7.54342138671875,-0.7885118458807467,1.9271014502793549,-0.016228958006203175
1639117767136502500,7.56350244140625,-0.877970290748775,2.0999732146322727,-0.025374679753184318
1639117767156583400,7.58358349609375,-0.7896037327706813,2.45791045447886,-0.24178806419074533
1639117767176664600,7.60366455078125,-0.32578152165114876,2.752996978136897,-0.6886559256389737
1639117767196745700,7.623745849609375,0.2141556686386466,2.91899534958899,-1.1157704543471336
1639117767216826400,7.643826416015625,0.7439800457149743,2.9604420432209966,-1.4124670435503124
1639117767236907500,7.663907470703125,1.0179156447947024,2.8309330352544784,-1.695230968990922
1639117767256988400,7.683988525390625,1.7663412717416882,2.4608763185471294,-1.6140551992997527
1639117767277069600,7.704069580078125,2.9918714929684995,1.7192472198724746,-1.058124321064353
1639117767297150700,7.724150634765625,4.716130988045037,0.5781634605705738,-0.3395741924211383
1639117767317231400,7.7442314453125,5.55195491245985,-0.7661199813306331,0.46659898235648867
1639117767337312500,7.7643125,4.870545304687321,-2.1222072582721707,2.2068211857184767
1639117767357393400,7.784393310546875,2.6605194777086374,-2.964527851229906,3.14836261588484
1639117767377475600,7.8044755859375,0.47095045556426046,-2.9812890164166688,3.0934155124276876
1639117767397556500,7.824556396484375,0.7486896847106516,-2.5250679279506203,1.3836986297056078
1639117767417637600,7.8446376953125,-0.998601726385206,-1.6799293549627066,-1.105368595059216
1639117767437718500,7.864718505859375,0.4301239396572113,-1.0438684166967869,-1.9774962972596286
1639117767457799400,7.88479931640625,1.9581400010131298,-1.7183540704250335,-0.4657186923906207
1639117767477880600,7.904880615234375,-1.4087728652074931,-1.3584341323286293,-1.0315639386579394
1639117767497961500,7.92496142578125,-4.211782997530698,0.08460603640079498,-1.9019734387636185
1639117767518042600,7.945042724609375,-3.619564123600721,1.5103238989293575,-2.2920538295850155
1639117767538123500,7.96512353515625,-2.351116551667452,2.3775252506434916,-2.9875781796887515
1639117767558204400,7.985204345703125,-0.7262509853441268,2.5602421171844005,-2.7145605722367763
1639117767578286300,8.005286376953125,0.19450433496832847,1.5884750601023434,-1.5257619988188147
1639117767598367500,8.025367431640625,0.10209258411950431,0.5360761309474706,-0.8102965383179486
1639117767618448400,8.045448486328125,-0.6003975042104721,-0.1305810211122036,-0.301161167396605
1639117767638529500,8.065529541015625,-0.832156341817975,-0.3319745310723781,0.33292803240492935
1639117767658610700,8.085610595703125,-0.29132337173223494,-0.38832711741328235,0.8384323533475398
1639117767678691600,8.105691650390625,-0.2821020274657756,-0.14262275656163692,1.0914501059524715
1639117767698772500,8.1257724609375,-0.771658837692067,0.27187223680913447,0.9794294814687222
1639117767718853400,8.145853271484375,-1.7086317178338766,0.6109048696994781,0.9225181652665138
1639117767738934500,8.1659345703125,-1.5733587395131587,0.7906815911352634,1.2097095517605543
1639117767759015700,8.186015625,-0.43786227882429957,0.39104689776599405,1.387756672924757
1639117767779097600,8.20609765625,0.1364145495712757,0.18595745589733123,1.7479200643882153
1639117767799178500,8.226178466796876,0.664959554361552,0.3701145843744278,1.7319015342622994
1639117767819259000,8.2462587890625,0.8607493990957736,0.5543044460773467,1.3083771390005945
1639117767839339800,8.26633984375,0.604923018810898,0.6911743382006883,1.0089654456198216
1639117767859420700,8.286420654296874,0.6392157490350305,0.6893968071341514,0.817219469448924
1639117767879501800,8.306501708984374,1.0090683214724063,0.5480068072378635,0.6808475899755955
1639117767899583000,8.3265830078125,1.3129413781762123,0.45325580891966816,0.7109881689563393
1639117767919663900,8.346663818359374,1.199144610865414,0.11163432857990264,0.8498489426359533
1639117767939744800,8.366744873046875,0.7372714879870415,-0.2815419824302196,1.2592121260762215
1639117767959825700,8.38682568359375,0.44765433565080165,-0.4730097261816263,1.861402651183307
1639117767979907800,8.406907958984375,0.045971477580070495,-0.6897755773186683,2.289061954292655
1639117767999988700,8.42698876953125,-0.6291909063659608,-0.8960872544586658,2.0916101676955816
1639117768020070000,8.44706982421875,-0.2684861015021801,-0.8029694103002548,1.9129361468046902
1639117768040150800,8.46715087890625,1.2562404167890548,-0.9330915817290544,2.013274297605455
1639117768060232000,8.48723193359375,1.7784698086917399,-1.1365659896165132,2.2564573232859373
1639117768080312800,8.507312744140625,0.20549407714679835,-1.9037398639142513,2.542857267141342
1639117768100393700,8.527393798828125,-0.1828445845738053,-4.147572683426738,2.421070085598528
1639117768120475000,8.547474853515626,-1.2991932772003114,-4.81604302238822,2.787232717476785
1639117768140555800,8.5675556640625,-0.9654673724159598,-5.016632814750075,2.9354011254668233
1639117768160638000,8.587637939453124,0.7664771242052316,-3.858098738953471,2.4483961916804313
1639117768180718800,8.60771875,-0.39882030824646353,-2.0131144308686255,1.4321087326094508
1639117768200799700,8.6277998046875,-0.40251923582963645,-0.6748427966028452,-0.10954736623801291
1639117768220880600,8.647880615234374,1.897785339424014,0.08001578600108623,-1.8306307885617017
1639117768240961800,8.6679619140625,-0.05227613068222999,0.5791518870860338,-2.958279896751046
1639117768261043000,8.68804296875,-2.6416063951849935,0.29369360799491406,-3.3352398169755935
1639117768281123800,8.708123779296875,-3.307334741961956,-0.2213765598028898,-3.20456468783915
1639117768301205000,8.728205078125,-1.285117113313824,-0.5695598828762769,-2.1313925813771784
1639117768321285600,8.74828564453125,0.35552374896407124,-0.8335042492955923,-0.8446624799087643
1639117768341367800,8.768367919921875,0.059308221276104446,-1.1648638633400201,-0.3293038505584001
1639117768361448700,8.78844873046875,-1.4127064052641392,-1.1979039631545543,-0.09582651859521865
1639117768381529900,8.80852978515625,-1.9535481431782244,-0.7397796714156866,-0.1410240891933441
1639117768401610800,8.82861083984375,-2.0239964748889205,-0.14326222350895404,-0.16434534354805946
1639117768421692000,8.84869189453125,-2.2770473991110918,0.8348135783284902,-0.7179328735277056
1639117768441773000,8.86877294921875,-2.4696342100203035,1.8678934745073317,-1.2000479894459246
1639117768461853700,8.888853759765626,-2.716034151920676,2.817268667039275,-1.9567840563595293
1639117768481934800,8.908934814453126,-2.2344331230044365,3.6380677485406396,-2.5423563318818805
1639117768502015700,8.929015625,-1.8021698332309721,4.155246871316432,-3.1265994046270844
1639117768522098000,8.949097900390624,-1.0628481347158552,4.5909401355385775,-3.5699577966496348
1639117768542178800,8.9691787109375,-0.7789806319475173,4.744577038067579,-3.727745681378245
1639117768562260000,8.989260009765625,-0.28974720845669505,4.278909491342306,-3.7324060744047163
1639117768582340600,9.009340576171875,0.7191223755732178,3.178397396403551,-2.9495246356263753
1639117768602421800,9.029421875,4.116284687976539,0.20321488016843794,-1.3637415910869837
1639117768622503000,9.0495029296875,9.392218134993314,-3.0322903048574923,1.3516677069336176
1639117768642583800,9.069583740234375,9.99730934997797,-5.027335995072126,4.632047514213621
1639117768662665000,9.0896650390625,0.8498921972557902,-5.213133876493573,4.573757530069351
1639117768682745900,9.109745849609375,-1.4729180051207542,-3.6369495581656692,3.1197625443443653
1639117768702826800,9.12982666015625,0.7574784097135067,-1.5431272673785685,1.0036237923309206
1639117768722908700,9.14990869140625,-0.5316273348450661,-1.4287562073111533,-1.6139403407484292
1639117768742989800,9.16998974609375,-2.825359034514427,-0.4149766394078731,-3.3402000697314738
1639117768763070700,9.19007080078125,1.3347487208366393,-1.1717799263387918,-2.748662748324871
1639117768783151900,9.21015185546875,1.717079958835989,-3.3581454762667415,0.7747352494627237
1639117768803233000,9.23023291015625,-3.683616324533522,-2.488007486578822,-0.6082214758343994
1639117768823314400,9.250314453125,-6.408743591231107,-0.22810674484074114,-1.5720494104802607
1639117768843395300,9.270395263671874,-3.3592613285541533,2.159018693318963,-2.802919531430304
1639117768863476200,9.290476318359374,-1.4002911603271961,4.56905914312005,-4.511228008659184
1639117768883557400,9.310557373046874,0.2484779172182083,5.393475830596685,-4.905611649632454
1639117768903639300,9.330639404296875,1.3368541686832904,2.3737808034181596,-2.83232828900516
1639117768923720400,9.350720458984375,-0.39238311480581756,0.019826397976279258,-1.0563837610073388
1639117768943801300,9.37080126953125,-2.807033104228973,-1.6004384696185587,0.20670710619837043
1639117768963882200,9.39088232421875,-2.190634751679748,-2.07778476369977,1.328846803316474
1639117768983963100,9.410963134765625,-1.4606933143198488,-1.4204635952621698,1.8596137219399214
1639117769004044300,9.431044189453125,-1.22745388276577,-0.3767395554721355,1.5224538971841335
1639117769024125400,9.45112548828125,-0.5820799033619463,0.9255068256884813,1.0767759031075983
1639117769044206300,9.471206298828125,0.007539017202705145,1.806715075445175,0.40560536527670915
1639117769064287500,9.49128759765625,-0.20897753534838556,2.012151138794422,0.1458548338180408
1639117769084368100,9.5113681640625,0.0715688601732254,1.4834715478390454,0.44319414137154817
1639117769104450300,9.5314501953125,0.621217735529691,0.7882043873667717,1.1351061461970209
1639117769124531200,9.55153125,0.5051100609280169,0.16292846248745918,1.5061132954970002
1639117769144612400,9.5716123046875,0.7247884385108947,-0.22305238406062125,1.6328250739604233
1639117769164693200,9.591693359375,1.3489508491903544,-0.30369536204934117,1.6493787338763475
1639117769184774400,9.6117744140625,2.1195536750234663,-0.1395961022168398,1.609405327667296
1639117769204855300,9.631855224609374,2.2334087483927605,-0.4176888209760189,1.4145710300922394
1639117769224936200,9.651936279296875,1.038217259067297,-0.35809739884436126,1.7769708023056388
1639117769245017300,9.672017333984375,-0.646273120200634,-1.050156703186035,2.0480665017843247
1639117769265098200,9.69209814453125,-0.6736304982036352,-1.6562813528716562,1.8683976246371865
1639117769285180400,9.712180419921875,-0.13166750117465853,-1.5376199021339416,1.5573086452051996
1639117769305261300,9.73226123046875,1.9060685991227626,-1.6313871501117945,2.010265763439238
1639117769325342500,9.752342529296875,1.8521315494909882,-1.8822165988922117,2.6406442721545695
1639117769345423000,9.772423095703125,0.7644657843828201,-3.356597077780962,2.864979389502108
1639117769365504300,9.792504150390625,0.10876666418910026,-4.420383662390709,2.8712442951157686
1639117769385585400,9.81258544921875,-1.1597209474936128,-4.07800405716002,3.035212037523091
1639117769405666300,9.832666259765626,-0.5589449653595686,-3.765747202992439,2.5286525084391234
1639117769425747500,9.85274755859375,-1.3036474801301956,-2.3996499886900184,1.389405024653673
1639117769445828400,9.872828369140626,0.7720961331307887,-1.0408481920927763,0.3995300639510154
1639117769465910500,9.89291064453125,1.3482231194376946,-0.6394038189530372,-1.3795333267197012
1639117769485991200,9.9129912109375,-0.5563175394654274,-0.6615694735318421,-2.5184882572993637
1639117769506072300,9.933072265625,-2.3972949499964713,-1.0207985067546368,-3.446497713458538
1639117769526153200,9.9531533203125,-2.5617455074846744,-1.1835615495473146,-3.1998236307919026
1639117769546234400,9.973234375,-1.1057060103200376,-1.4052601809114218,-2.4054515145756303
1639117769566315500,9.9933154296875,-0.7823179596766829,-1.3972890559017657,-1.5131925862334668
1639117769586396200,10.013396240234375,-1.3510264864206314,-1.1353729804396628,-1.0551043887212872
1639117769606477300,10.033477294921875,-1.8337246629238129,-0.41713995492160316,-0.8747032517768442
1639117769626558200,10.05355810546875,-1.8494152762696145,0.3048696665257215,-0.883106484593451
1639117769646640400,10.073640380859375,-1.94678639395833,1.1024877789258956,-1.261413435512781
1639117769666721300,10.09372119140625,-2.43675105433315,1.719621313881874,-1.6323104024365542
1639117769686802400,10.113802490234375,-2.574657303766906,2.45943897922039,-1.7738623148962853
1639117769706883300,10.13388330078125,-2.342581363034248,2.88607799937129,-2.2201579294145106
1639117769726964200,10.153964111328126,-2.1512197100058197,3.3770418999165295,-2.7391259814336895
1639117769747045400,10.17404541015625,-1.8834063931986689,3.8640263754367825,-3.2593323430761694
1639117769767126300,10.194126220703126,-1.4063620046734808,4.141660829034447,-3.467840653477609
1639117769787207400,10.21420751953125,-0.8952785684242844,3.807928056117892,-3.215707428622246
1639117769807288300,10.234288330078124,0.17574688139781355,2.9856244152724742,-2.0805618271976707
1639117769827369700,10.25436962890625,1.9570891767859457,1.5744915429353714,-0.40800037065446376
1639117769847450600,10.27445068359375,5.196490784728526,-0.563487284964323,1.2383218982607125
1639117769867531800,10.29453173828125,8.176861517256498,-3.0277462316870687,3.0358111724600194
1639117769887612700,10.31461279296875,5.091114932021498,-4.573686802920699,4.689159102228284
1639117769907693600,10.334693603515625,-0.4501335852459073,-3.7706472499936816,3.6662720987617967
1639117769927774700,10.354774658203125,0.5344727874040603,-1.5305682300567627,1.6411834447219966
1639117769947855600,10.374855712890625,1.807135785075277,-0.6378367157667875,-0.4534536695793271
1639117769967936800,10.394936767578125,0.6273520005010068,-0.7993465436279773,-2.405495499847829
1639117769988018700,10.415018798828125,-1.3527543331265448,-0.469009842890501,-3.614324469381571
1639117770008099800,10.435099853515625,1.7504418379507958,-1.6698241405338048,-1.9551482718512414
1639117770028180500,10.455180419921875,0.23736484092101454,-3.67829454498887,1.4259008178800343
1639117770048261600,10.47526171875,-4.324765233588218,-3.345998526877165,0.3119084791213274
1639117770068342800,10.4953427734375,-5.523673405349254,-0.9509481409370899,-1.0936705584809183
1639117770088423700,10.515423583984376,-2.5237340489983557,1.6711334695667028,-2.3722826738148926
1639117770108504800,10.5355048828125,-1.591476580005884,3.9889217521280047,-3.36512408310771
1639117770128585500,10.55558544921875,-1.8185270937919615,4.81967816402018,-4.693471996991336
1639117770148668000,10.57566796875,-1.3418354642271995,3.5743811660498377,-3.8210739534169433
1639117770168748500,10.59574853515625,-0.5318459460318088,1.1165209804534912,-2.099840966554731
1639117770188829700,10.61582958984375,-1.3618530008614063,-0.3733504975557327,-0.6602136750087142
1639117770208910600,10.63591064453125,-1.1006915431588888,-1.3645716121703386,0.23140549412518738
1639117770228991700,10.65599169921875,-0.72203709397614,-1.5371815107166766,1.4535592246562241
1639117770249073000,10.676072998046875,-1.4264502684563398,-1.0467723214447497,1.6660104274645446
1639117770269153500,10.696153564453125,-2.1048229927510023,-0.26194705512225624,1.2827575445756316
1639117770289234700,10.716234619140625,-1.4354022211968898,0.39217853214442727,1.0727601646602154
1639117770309316600,10.736316650390625,-0.3566875320464372,0.5986217267096042,0.7824448009267448
1639117770329397800,10.756397705078125,0.6550801115125418,0.5068430222004652,0.7584545612692832
1639117770349478700,10.776478759765626,0.4162029663324356,0.4045236344546079,0.9397408104851841
1639117770369559800,10.796559814453126,0.1816705723583698,0.23094167600572107,0.8648603415459394
1639117770389640700,10.816640625,0.15232538153901695,0.1370546010404825,0.715306324416399
1639117770409721600,10.8367216796875,0.6459831973433494,0.2968745761185884,0.6504539130166173
1639117770429802800,10.856802734375,1.240929596541077,0.419745753505826,0.5048801976948977
1639117770449883600,10.876883544921874,1.3272944593079388,0.33785599032640456,0.5201417719736695
1639117770469965800,10.8969658203125,0.7706595244564115,0.5214180755198001,0.7945268683865666
1639117770490046700,10.917046630859375,-0.43322658184766766,0.5201145917057991,1.1352604599758982
1639117770510127900,10.9371279296875,-0.8605731657460332,-0.217978149536252,1.670832733054459
1639117770530208500,10.95720849609375,0.3355515127763152,-0.8337766364961862,1.815915449988842
1639117770550289700,10.97728955078125,-0.38682957233190535,-0.5072177007317543,1.601538247554004
1639117770570370600,10.99737060546875,0.3852368963129818,-0.5263870961040258,1.5689797937765717
1639117770590451700,11.01745166015625,1.3418798878908156,-0.7276391517668962,1.8735884712785482
1639117770610532900,11.037532958984375,0.009750994163751601,-1.2541069118916988,2.003882199881971
1639117770630614800,11.05761474609375,0.27816651464775205,-2.612390237572789,1.9275836808383464
1639117770650695700,11.07769580078125,-0.37164661624729634,-3.496529864606261,2.08819100690186
1639117770670776600,11.097776611328126,-0.863991011365503,-3.838303320637345,2.1779940274238587
1639117770690857700,11.117857666015626,0.08599369136691093,-4.017683736231922,2.2297999102458355
1639117770710938600,11.137938720703126,0.16785715106129645,-3.1280706462234256,1.618463078869879
1639117770731019800,11.158019775390626,0.047999184015393256,-2.348022092783451,0.7028118767634034
1639117770751100700,11.1781005859375,0.9110533529222011,-1.4972855536580085,-0.251324538820982
1639117770771181600,11.198181640625,0.4972095169365406,-1.0221113429188728,-1.9220748542889952
1639117770791263500,11.218263427734374,-0.9880956760704517,-0.3272095086276531,-2.9899516308218237
1639117770811344600,11.2383447265625,-2.1648912386141714,-0.09806991360783576,-4.181880026698113
1639117770831425800,11.25842578125,-2.1807541397869588,0.2202390802055597,-4.2387908314436675
1639117770851507000,11.2785068359375,-1.1666155293129383,0.2509580435961485,-3.402319549036026
1639117770871588000,11.298588134765625,-0.6626042234070598,-0.027711013746261594,-2.209677013541013
1639117770891668700,11.318668701171875,-0.5205822092175484,-0.22474399040937423,-1.1186638377010822
1639117770911750000,11.33875,-0.8607201730012893,-0.10724982988536358,-0.6320218920081854
1639117770931830800,11.358830810546875,-1.2391096876375376,0.08112462402582168,-0.37291649005264044
1639117770951913000,11.378912841796875,-1.6098527791738508,0.4233569297403097,-0.4705130870603025
1639117770971993900,11.398993896484376,-2.0981606122523546,0.7099053421556949,-0.613171061065793
1639117770992075000,11.419074951171876,-2.542570266893506,0.9898486572176217,-0.9992021764963864
1639117771012156000,11.439156005859376,-2.4261858211770653,1.9079127656847237,-1.4253878999218343
1639117771032236800,11.45923681640625,-1.94721543302536,2.525950556004047,-2.0985767918378113
1639117771052318000,11.47931787109375,-1.3929600867867469,2.795451972028613,-2.441660161423683
1639117771072398800,11.49939892578125,-0.8734536901071667,3.005674685132503,-2.419241116605699
1639117771092481000,11.51948095703125,-0.2624807236075401,3.0251304962307213,-2.28185363034904
1639117771112562000,11.53956201171875,0.4886880645677447,2.8075486525356768,-2.0492542502641675
1639117771132643000,11.55964306640625,1.397734169320762,2.3208932628393173,-1.4553032918445765
1639117771152723700,11.5797236328125,2.826521064031124,1.0928116035640238,-0.17854571833610533
1639117771172804900,11.599804931640625,5.037912334144115,-0.5807166521847248,1.355450732603669
1639117771192885800,11.6198857421875,5.148156669670343,-2.2377771727353335,2.701354761444032
1639117771212967000,11.639966796875,1.0677820839866996,-2.8328859228879213,2.783773224672675
1639117771233048000,11.660048095703125,-0.8286791672267019,-2.251969948738813,2.2638750521965325
1639117771253130000,11.6801298828125,-0.5672619811974465,-0.34078912116885185,1.6971978851497171
1639117771273211000,11.7002109375,-0.5835093516431749,0.42542087653279304,0.2799365930601954
1639117771293291800,11.720291748046876,-1.7719817618466913,0.08354337560534476,-2.8362688433244823
1639117771313373000,11.740373046875,0.2001367878973484,0.402666023889184,-4.598745256331563
1639117771333453800,11.760453857421876,4.625188442099094,-1.483615924745798,-4.074501601997017
1639117771353535000,11.780534912109376,2.5118401975870133,-4.1860850771725175,0.0038961306557059286
1639117771373615900,11.800615966796874,-3.758497962516546,-4.944172558695078,1.1249002478726207
1639117771393698000,11.820697998046874,-2.3249288019657133,-3.7034026827603577,-0.30768545459881425
1639117771413779000,11.840779052734375,-3.2528362590551376,-0.4785767126590013,-1.9141987140864132
1639117771433859800,11.86085986328125,-0.9916063145399093,2.0238222873657943,-2.6894945200413463
1639117771453941000,11.88094091796875,-0.028618118653818962,3.7622564382672308,-3.0113533152908083
1639117771474022000,11.90102197265625,-1.4137959540665148,3.577665594547987,-2.764280004173517
1639117771494103000,11.92110302734375,-2.022310129237175,2.5223364571601152,-1.4925626167893409
1639117771514184000,11.941183837890625,-2.1856629546165465,1.022459717965126,-0.7496432591084391
1639117771534264800,11.961264892578125,-2.1591204001277684,-0.8635784850418567,-0.5508940531119704
1639117771554346800,11.9813466796875,-0.5647931068658828,-2.3037650179058313,0.860936665296182
1639117771574428000,12.001427978515625,0.9090303226619958,-2.7535587036728857,2.086324336247146
1639117771594508800,12.0215087890625,-0.5588970345646143,-1.4363707739681004,2.1882333896264434
1639117771614590000,12.04158984375,-1.8351859676480293,-0.5085013108015061,0.5721849706828593
1639117771634670800,12.0616708984375,-2.0322785655438897,0.414141357627511,-0.45787477395720777
1639117771654752000,12.081751953125,-1.2126888598322867,0.8865519488722086,-0.8545561704788357
1639117771674833000,12.1018330078125,-0.4650228190809488,1.013735144239664,-0.8468757720440626
1639117771694914800,12.121914794921874,-0.7329051094710827,0.7944149324446916,-0.6966194518640637
1639117771714996000,12.141995849609375,-0.7611760221224277,0.47967736737728117,-0.6324360257670283
1639117771735076900,12.162076904296875,-0.4875041885454207,0.09265022664666175,-0.40463173447158185
1639117771755158000,12.182157958984375,-0.5536357530355454,-0.2067886470019817,-0.13560790936350822
1639117771775239000,12.202239013671875,-0.4054482750188559,-0.4234171354949474,0.002120901144109666
1639117771795319800,12.22231982421875,-0.2172597721338272,-0.5129086058497428,-0.005227963781356811
1639117771815401000,12.24240087890625,-0.34441717547290024,-0.31952129221260545,-0.1402388205671683
1639117771835481900,12.26248193359375,-0.29489180480353533,0.046480596145987506,-0.2568132358977571
1639117771855563800,12.282563720703125,-0.45243740520887077,0.22281214556396006,-0.349593810925819
1639117771875645000,12.30264501953125,-0.6717850164674222,0.14483400287032128,-0.30421299271527674
1639117771895726000,12.32272607421875,-0.6990846729338168,-0.05411328298151493,-0.12115589790195226
1639117771915807000,12.342806884765626,-0.5782407635904848,-0.15283727658390997,-0.11789980044914408
1639117771935888000,12.362887939453126,-0.5816097285669297,-0.1356084938853979,-0.21975219173775984
1639117771955968800,12.38296875,-0.7808294746845961,-0.13094634729325771,-0.16966303143948316
1639117771976050000,12.4030498046875,-0.16800540042556822,-0.2838619498103857,-0.13180329291615633
1639117771996131800,12.4231318359375,-0.01964453860335052,-0.48191725525856016,-0.0847720497506205
1639117772016213000,12.443212890625,-0.16745967617630958,-0.39070261437296866,-0.18910101462006568
1639117772036294000,12.4632939453125,-0.1288765552818775,-0.11466624362170695,-0.34692046353071926
1639117772056374800,12.483374755859375,-0.043732758742570876,0.14290566515624523,-0.6615721038803458
1639117772076456000,12.5034560546875,-0.2617155844539404,0.4176525806188583,-0.9402589891403913
1639117772096536800,12.523536865234375,-0.3601443945020437,0.5695756649672985,-1.0682871108993888
1639117772116618000,12.543617919921875,-0.05777991573028266,0.48289340681433673,-1.0403984024986623
1639117772136699000,12.563698974609375,0.025033903491497037,0.25563831036686896,-0.7986299197912216
1639117772156781000,12.583781005859375,0.08388941256403923,0.025374679753184318,-0.5639221692502498
1639117772176862000,12.603862060546875,0.10832425418384373,-0.23564473913013934,-0.29680326444804667
1639117772196942800,12.62394287109375,0.06658756462931632,-0.4299649497032165,-0.0666495239496231
1639117772217023700,12.644023681640626,-0.1777975303173065,-0.498933856511116,-0.005373801992833614
1639117772237105000,12.66410498046875,-0.3037104134880006,-0.2821153984040022,-0.10374883602708578
1639117772257186000,12.68418603515625,-0.06936104793064296,-0.004750993919372558,-0.15372808794379234
1639117772277267000,12.704266845703126,0.0016844459556043148,0.23118542163372038,-0.23396540774106978
1639117772297348900,12.724348876953124,0.09855864697284995,0.29232056607604023,-0.33217911373376846
1639117772317430000,12.744429931640624,-0.07709843724966049,0.238325356516242,-0.29797260048836466
1639117772337511000,12.764510986328125,-0.19519816245138644,0.16047347055077552,-0.22673516422659157
1639117772357591800,12.784591796875,-0.11988017887771128,-0.007943652480840682,-0.0547746694996953
1639117772377673000,12.8046728515625,0.015743512576818466,-0.13334230251908302,0.09607698622494935
1639117772397753900,12.82475390625,0.0916243907302618,-0.23576924229264257,0.13406331027001142
1639117772417835000,12.8448349609375,0.13601941277384758,-0.2529828274220228,0.13431670050919056
1639117772437916000,12.864916015625,0.04521496012434363,-0.12134674429893492,0.036492866050335575
1639117772457997800,12.884997802734375,-0.008946692043542861,0.020094693523645398,-0.07810527620464564
1639117772478078700,12.90507861328125,0.03218202168047428,0.16436813990175722,-0.15207476777881382
1639117772498159900,12.925159912109375,-0.017790435169264672,0.14875556022822856,-0.21266952173411846
1639117772518241000,12.945240966796876,0.014155366602540015,0.11324468638598918,-0.16824615037888288
1639117772538322000,12.965322021484376,0.03747720547914505,0.03300502850115299,-0.08861264169365167
1639117772558403000,12.985403076171876,0.04325739631578326,-0.0255541279733181,-0.016730779181653634
1639117772578483700,13.005483642578126,0.050669280007481575,-0.0615431407213211,0.00869797797948122
1639117772598566000,13.02556591796875,0.06013385844528675,-0.032006665113568304,-0.007188157938420772
1639117772618646800,13.045646728515624,0.06377820629701018,-0.018870120164752004,0.01684328137910925
1639117772638728000,13.06572802734375,0.0028162264645099637,-0.0019043723165988922,0.03947802390754223
1639117772658808800,13.085808837890625,-0.028200258567929265,0.013501871129870413,0.01906505821496248
1639117772678890000,13.105889892578125,0.0321896204650402,-0.01319616618156433,0.08810030825734139
1639117772698971000,13.125970947265625,0.05540697605386376,-0.03886310687959194,0.04487170877777971
1639117772719051800,13.1460517578125,0.1100814000494778,0.0197591779589653,0.020855750157171858
1639117772739133000,13.1661328125,0.05873904308602214,0.020460604226589203,0.006526762287085875
1639117772759214800,13.18621484375,0.027460838377475736,-0.017804536759853364,-0.007779986351728439
1639117772779296000,13.2062958984375,0.06959536814317106,-0.03497019109427929,0.00666032553887926
1639117772799377000,13.226376953125,-0.00167070969119668,-0.02915770542323589,-0.0032835608484689145
1639117772819458000,13.2464580078125,0.02822363944351673,-0.060817164534330365,0.03896773629784584
1639117772839538700,13.26653857421875,0.056994464441016315,-0.0065665189087390895,0.042287829764420165
1639117772859619800,13.286619873046876,0.008662029883265495,0.008677227452397346,0.04141366814523935
1639117772879701000,13.306700927734376,-0.014421835519000887,0.02841536262333393,0.06520313366674818
1639117772899783000,13.326782958984374,-0.03700608083605766,0.07313888596892357,-0.010684475621581077
1639117772919864000,13.346864013671874,-0.02295936223976314,0.09274725728034973,-0.042792253888910635
1639117772939945000,13.366945068359374,-0.006709069184586405,0.04044833024442196,-0.04072801483548246
1639117772960025900,13.38702587890625,-0.1036537781547755,-0.01357785897552967,0.005537769516045227
1639117772980106800,13.407106689453125,0.022626842349767685,-0.05367839869558811,0.028766368018090724
1639117773000188000,13.42718798828125,0.06234101310074329,-0.0529208583265543,0.020917700344324112
1639117773020268800,13.447268798828125,0.0760392835855484,-0.007861234894394874,-0.04979600430428981
1639117773040351000,13.46735107421875,0.03608363222889602,0.017420505878329277,-0.04811025230758823
1639117773060432000,13.487431884765625,-0.00833228647224605,-0.005802548798918724,-0.051755317111941986
1639117773080513000,13.507512939453125,0.06275068988017737,-0.011184241837263107,-0.1042497804197017
1639117773100594000,13.527593994140625,0.1349077252048999,-0.02229892556965351,-0.0744935063151177
1639117773120674800,13.5476748046875,0.09831716636717319,-0.039753918239474294,-0.02747282107621431
1639117773140756000,13.567755859375,0.023672625075653195,-0.02501169165968895,-0.07395224361184519
1639117773160836900,13.5878369140625,0.007708747746422886,-0.005243745872378349,-0.0625751095509855
1639117773180918000,13.60791796875,-0.020509704065322876,-0.026057985842227935,-0.04173895457684994
1639117773201000000,13.628,-0.05285999498479068,-0.011598083335161208,0.004414026183122768
1639117773221081000,13.6480810546875,-0.030536592561006545,-0.0034112697482109066,-0.004395020088553428
1639117773241161700,13.66816162109375,-0.09155651312582194,0.045028643772006036,-0.019378065120312385
1639117773261243000,13.688242919921874,0.11501929484307766,0.014431260934472083,-0.02022445738315582
1639117773281324000,13.708323974609375,0.1189830108422786,0.030109891581535337,-0.031067918392154385
1639117773301405000,13.728405029296875,-0.039607276310399175,0.022231121030449864,-0.018780985143152063
1639117773321486000,13.748486083984375,0.0357014279782772,0.025658172869682312,-0.03278349470496177
1639117773341568000,13.768568115234375,0.052996919237449765,0.05112812969088554,-0.034010986106726336
1639117773361649000,13.78864892578125,0.032468437406420705,0.005299275451898574,-0.06162292795926332
1639117773381729800,13.808729736328125,0.035422684102132916,0.010105214428901672,0.0008157048636348918
1639117773401811000,13.82881103515625,0.03054952510781586,0.02860357867181301,-0.03483048579606693
1639117773421891800,13.848891845703125,0.016501052945852277,0.03813070095181465,-0.057739364524185655
1639117773441973000,13.868972900390625,0.06595043576955795,0.007348609197139739,0.008164894016087054
1639117773462054000,13.889053955078126,0.02323474511504173,-0.0029027357041835782,0.037835809658467764
1639117773482136000,13.909135986328126,-0.004499576441571116,-0.02967792990505695,0.06009879626506008
1639117773502216700,13.929216796875,-0.015368760980293154,-0.018036591950058935,0.039727327060070816
1639117773522297900,13.9492978515625,0.014323197450116275,0.007068038690090179,0.04576602270242292
1639117773542379000,13.96937890625,-0.0394487978130579,0.059224926906824106,0.04080634990185499
1639117773562460000,13.9894599609375,-0.07334522219598293,0.06345686538815498,0.026826047605276106
1639117773582541000,14.009541015625,-0.017322890722751616,0.002602291452884674,0.07730477347671985
1639117773602621700,14.02962158203125,0.07610533455908298,-0.05249591091275215,0.07828238633722066
1639117773622703900,14.049703857421875,0.0605622399251908,-0.040305122381448746,0.10223287850618362
1639117773642784800,14.06978466796875,-0.03405775242447853,0.0016086042404174804,0.07318623224198818
1639117773662866000,14.089865966796875,-0.044940380966663356,0.056606268841028214,0.031130466800928114
1639117773682946800,14.10994677734375,-0.04817037586383521,0.07329962948858737,0.02278437556561548
1639117773703028000,14.130028076171875,0.030043183020874855,0.04398994837403297,-0.0013274537780554965
1639117773723109000,14.150109130859375,0.03899579334855079,0.032550854992866515,0.03156798143535852
1639117773743189800,14.170189697265625,0.02581708975844085,-0.013436989200115204,0.008317451946006622
1639117773763272000,14.19027197265625,0.02701828224174678,-0.0055085342884063715,0.016464518044458237
1639117773783352800,14.210352783203126,-0.0354799672473222,-0.003369184172153473,0.0009656278784736059
1639117773803434000,14.23043408203125,-0.00931501389928162,0.014603110370039939,-0.04241758449077606
1639117773823515100,14.25051513671875,-0.012021277183294295,0.015181787040829658,-0.09037322162538766
1639117773843596300,14.27059619140625,-0.021380568615719676,0.005463526102900505,-0.02286357371509075
1639117773863677200,14.29067724609375,-0.005122676775977015,-0.024338322442770004,0.043883857651054854
1639117773883758300,14.31075830078125,-0.049779126234725114,-0.01959142017662525,-0.0033402503386139866
1639117773903840300,14.33084033203125,-0.10940437757074832,0.02278700134754181,-0.0630599750250578
1639117773923921200,14.350921142578125,0.03213584445118904,0.05440320583879947,-0.11499503718465566
1639117773944002000,14.371001953125,0.049413653923198575,0.01300795013308525,-0.0743853788986802
1639117773964083200,14.391083251953125,0.057962432690337296,-0.0002881692916154861,-0.0377449165046215
1639117773984164400,14.411164306640625,0.03243051654882729,-0.008733341553807257,0.0005833517042628955
1639117774004245200,14.431245361328125,-0.008163432711362838,-0.01940320412814617,-0.007037351290881634
1639117774024326100,14.451326171875,-0.02024732680208981,-0.006850012025237083,-0.02269318330095848
1639117774044408000,14.471407958984376,-0.03561141160726547,0.004829319852590561,-0.03426321186870336
1639117774064489200,14.4914892578125,-0.023103812211751937,-0.029973113459348676,-0.05685965908020735
1639117774084570000,14.511570068359376,0.0024199206233024594,0.008524667239189147,-0.0748208477064967
1639117774104651300,14.5316513671875,0.04943710786402225,-0.006589899784326553,-0.0761716777935624
1639117774124732200,14.551732177734374,0.008327610297128557,0.007520458632707595,-0.102131463958323
1639117774144813300,14.571813232421874,0.009065349987149238,0.024295067822933194,-0.09781593884676694
1639117774164895200,14.591895263671875,-0.011208791756629944,0.014276362633705138,-0.08057312762290239
1639117774184976100,14.61197607421875,0.05472410835623741,0.009663315880298614,-0.07846972560286522
1639117774205057000,14.63205712890625,0.03813362356126308,-0.0027957681983709335,-0.0672793462857604
1639117774225138200,14.65213818359375,0.016590484794974325,-0.015434300497174262,-0.04516863676458597
1639117774245219300,14.67221923828125,0.06527114826850593,-0.0891056859076023,0.0011214058161858702
1639117774265300200,14.69230029296875,0.03730886317491531,-0.04104103544056415,0.04138531883358955
1639117774285381000,14.712381103515625,0.03257766993455589,-0.027877017962932585,0.014689035087823868
1639117774305463000,14.732463134765625,0.05940028347373008,0.032494740891456604,0.013473521818220615
1639117774325544200,14.752544189453126,-0.0039437691897153855,0.005150222370028495,0.021022037501633166
1639117774345625000,14.772625,-0.0075624711435288185,0.003159340813755989,0.014175532607734203
1639117774365706200,14.792706298828126,-0.020209186748787758,0.02740238618850708,-0.007355331198871135
1639117774385787100,14.812787109375,0.08961538899540901,0.020735329514741895,0.002376666003465652
1639117774405868300,14.832868408203124,0.028993454772233963,-0.024981296521425247,0.00833762023448944
1639117774425950200,14.8529501953125,-0.021401611403748393,-0.0038140053302049633,0.03173573921769857
1639117774446031000,14.873031005859374,0.004467427737638354,0.008032499808073043,0.025411212371289727
1639117774466112300,14.8931123046875,0.05698796163499355,0.03551145836412906,0.018078093004226685
1639117774486193200,14.913193115234375,-0.012261515679955481,0.008967734831571579,0.01357698219269514
1639117774506274300,14.9332744140625,-0.0506296055842191,-0.0038736265629529952,0.042703123433887956
1639117774526355200,14.953355224609375,0.008331775015592575,0.0031131635844707487,0.024932196682691574
1639117774546437400,14.973437255859375,0.029348332624509928,0.01737842030227184,0.039543490359187125
1639117774566518300,14.993518310546875,-0.020745923973992466,0.014556348618865012,0.056121115672588345
1639117774586599200,15.01359912109375,-0.057142859935760494,-0.025700258445739744,0.03032674920260906
1639117774606680000,15.03368017578125,0.06334463718533516,-0.008446925827860831,0.015090309365093707
1639117774626761200,15.05376123046875,-0.03815641991496086,0.0053021980613470075,-0.006165829153358936
1639117774646842400,15.07384228515625,-0.025589199286699293,0.003994038072228432,-0.043325931507349015
1639117774666923300,15.09392333984375,0.015501520514488219,0.020540683725476263,-0.028342005126178262
1639117774687005200,15.114005126953124,0.07166011865325271,0.010845219141244887,-0.0122258598446846
1639117774707086000,15.134086181640624,0.009922843599319458,0.01621814435124397,-0.05473579879403114
1639117774727167200,15.154167236328124,0.05713467662930488,-0.006612111616134643,-0.028953707283735274
1639117774747248000,15.174248046875,0.011267317010834813,0.02968552868962288,-0.002427519978690543
1639117774767329300,15.194329345703125,0.022595935754850506,0.011708557972311974,0.01970774003267288
1639117774787410200,15.21441015625,0.03459668160676956,0.003233575093746185,0.02662497207522392
1639117774807492400,15.234492431640625,-0.015055603377893566,0.004610124143958091,0.02317600066512823
1639117774827573200,15.2545732421875,0.02589965347535908,0.006673486414551734,0.03680120591372251
1639117774847654100,15.274654052734375,0.011245543570443987,-0.009704816934466362,0.05024433259367943
1639117774867735000,15.294735107421875,0.01115435815565288,-0.014255319845676422,0.023998422963917253
1639117774887816200,15.314816162109375,0.02885316951870918,0.005965630406141281,-0.023340543577075004
1639117774907897300,15.3348974609375,-0.007689896915480494,0.018745617002248763,0.022015432453155515
1639117774927979300,15.354979248046876,-0.004245309419557452,0.022808044135570523,0.027784663504362105
1639117774948060200,15.37506005859375,0.00842997469305992,0.013428805893659591,0.03250964619964361
1639117774968141000,15.39514111328125,0.022673019579052923,0.0014864391654729843,-0.0038899931758642195
1639117774988222200,15.41522216796875,0.052108445965126156,0.027419921845197676,-0.02669131530970335
1639117775008303000,15.43530322265625,0.024100495098903774,0.005620762491226196,-0.06373948172181844
1639117775028384300,15.45538427734375,-0.05964220247082412,-0.03972001596987247,-0.038628129079937935
1639117775048466200,15.475466064453125,-0.05322020659931004,-0.06848024650812148,-0.05619359638690948
1639117775068547300,15.49554736328125,0.06917348946928978,-0.012661913174390792,-0.05438859279155731
1639117775088628200,15.515628173828125,0.06266834535896777,0.022784663259983063,-0.03939911345243454
1639117775108709000,15.535709228515625,-0.008932078996300696,0.03993979620039463,-0.06362023925632238
1639117775128790000,15.5557900390625,-0.08611286076717078,0.03801671918332577,-0.0647220630183816
1639117775148871200,15.57587109375,-0.03451017236709594,0.016059738919138908,-0.02858136684000492
1639117775168953000,15.595953125,-0.014890183683112262,-0.004049567651748657,0.044103930142521855
1639117775189034200,15.6160341796875,0.056959320062398906,-0.014006898042559623,0.0663470338717103
1639117775209115400,15.636115478515626,0.010804375674203037,-0.017535656690597534,0.0819321410164237
1639117775229196300,15.6561962890625,-0.007220525838062167,0.019244798696041107,0.03180149793028831
1639117775249277200,15.676277099609376,-0.03712181617021561,0.0386380659520626,0.026141864733397958
1639117775269358000,15.696358154296876,-0.06346614467315376,0.018470891714096067,0.050176820315420624
1639117775289440300,15.716440185546874,0.013367942551895976,-0.004720598781108856,0.10079466239660978
1639117775309521200,15.736521240234374,0.043779520493745804,-0.02767301982343197,0.12626812634915113
1639117775329602300,15.756602294921874,-0.031532690926268696,-0.02437105566859245,0.04781885901242494
1639117775349683200,15.77668310546875,-0.06919862391054629,-0.03713233756422996,-0.02425707390010357
1639117775369764000,15.79676416015625,0.013028919855877756,0.0009977788656949996,-0.06570463974836747
1639117775389845200,15.81684521484375,0.05863463286347687,0.0011497545570135115,-0.05796878936588764
1639117775409927200,15.83692724609375,-0.003159340813755989,-0.009870236629247665,-0.09875321969687938
1639117775430008000,15.857008056640625,-0.03769640118777752,0.017557284000515937,-0.1533572088047862
1639117775450089200,15.877089111328125,0.0018716390907764435,0.027007249391078948,-0.15844021115750073
1639117775470170400,15.89717041015625,0.08402209903299808,0.02516658996045589,-0.11022592308670282
1639117775490251300,15.917251220703125,-0.007207154899835586,0.02430442017316818,-0.04643441891670227
1639117775510332200,15.937332275390625,-0.04163900133371353,0.005977905365824699,-0.0012242810979485512
1639117775530414000,15.9574140625,0.000576411648467183,0.020148469537496567,-0.0052586557471426204
1639117775550495200,15.9774951171875,-0.01941547908782959,0.005311550411581992,0.0038028994143009184
1639117775570576100,15.997576171875,0.021069749100878832,-0.004224339696764946,0.028907233226927925
1639117775590657300,16.0176572265625,-0.0019669161587953566,-0.011043956583738326,0.04506050021499395
1639117775610738200,16.03773828125,0.044915246525406835,-0.022269699475169182,0.06931348246186972
1639117775630819000,16.057819091796876,0.03604395780563354,-0.015457681372761725,-0.030111352886259553
1639117775650901000,16.07790087890625,-0.020100611807778477,0.033298458489775654,-0.062839021184179
1639117775670982100,16.097982177734377,0.0314847601313144,0.006356091028451919,-0.017534784474340266
1639117775691063000,16.11806298828125,-0.020549378488585353,-0.002918517795205116,-0.021603056826558893
1639117775711144200,16.138144287109377,-0.06978146529980003,-0.0004886602997779846,-0.052155714606377294
1639117775731225300,16.158225341796875,-0.005371829231455922,-0.01861585314273834,-0.020581303430232217
1639117775751306200,16.17830615234375,-0.01598901177048683,-0.001502221256494522,-0.02746814490109682
1639117775771388400,16.198388427734375,-0.010792612171173095,-0.0003565583527088165,-0.023115502649545667
1639117775791469000,16.218468994140625,-0.03245499340295791,0.032812136277556414,-0.08480302027761935
1639117775811550200,16.23855029296875,-0.030320830918475983,0.02593523624539375,-0.057202777996030636
1639117775831630600,16.258630615234374,0.0018261194486171007,0.012674188134074211,-0.04250263699230272
1639117775851711700,16.278711669921876,-0.07230185062289238,0.03148644063174724,-0.07045593049526214
1639117775871792600,16.298792724609374,-0.03544599191248417,0.019191607204079628,-0.03462415413558483
1639117775891874600,16.31887451171875,-0.007100114328786731,-0.011927169159054755,0.00977671084360918
1639117775911955700,16.338955810546874,-0.009874912804365157,0.02267009696960449,-0.006743921302258968
1639117775932036600,16.35903662109375,-0.021712650114297866,0.03185761203169823,-0.019737550649046896
1639117775952117800,16.37911767578125,-0.01058627594411373,0.017875848430395126,-0.012896014191210269
1639117775972198700,16.39919873046875,0.03915953254289925,0.007139350360631943,0.05807546461075544
1639117775992280800,16.41928076171875,0.03204882375486195,-0.007229951253533363,0.02405862871855497
1639117776012361700,16.43936181640625,-0.042103696236014364,-0.008248188385367393,0.02337035419344902
1639117776032442600,16.459442626953123,-0.04725041147470474,-0.0022299510091543196,0.02518938631415367
1639117776052523500,16.4795234375,0.012239961435273288,-0.001637245813012123,0.08241963227242231
1639117776072604700,16.499604736328124,0.05660575738437473,-0.011001286485791205,0.10856178926676512
1639117776092685800,16.519685791015625,0.09998488038368522,0.0071533788859844205,0.08217033368647098
1639117776112766700,16.5397666015625,-0.00892791427783668,0.029701310780644415,-0.020014614024758338
1639117776132848600,16.5598486328125,-0.05389518325142562,0.03761398360133171,-0.01851180824637413
1639117776152929500,16.579929443359376,-0.024493805265426636,-0.01705868682861328,-0.0036667058140039442
1639117776173010700,16.6000107421875,0.005382862082123756,-0.018772505009174347,-0.0303533449485898
1639117776193091600,16.620091552734376,0.028852584996819496,-0.0264952082157135,0.042409108923375606
1639117776213172700,16.6401728515625,-0.03951945189647376,-0.01567570803761482,0.027670389474928378
1639117776233254700,16.660254638671876,0.011450783818960189,-0.012055179452896117,-0.006645137102901935
1639117776253335800,16.680335693359375,-0.01693352607898414,-0.009437690430879593,-0.04222819939851761
1639117776273416700,16.700416748046877,0.003711787064746022,0.008134791138768195,-0.037326398831605906
1639117776293497600,16.72049755859375,-0.037809725369140505,0.00020925883650779723,0.03189297560602426
1639117776313578500,16.74057861328125,-0.044320787763595576,-0.044293315234780306,0.010821838265657423
1639117776333659600,16.76065966796875,0.01587451854534447,0.008998714491724968,-0.06325169820487499
1639117776353741600,16.780741455078125,0.0043242198746651405,0.038809330865740774,-0.08967296440154314
1639117776373822700,16.80082275390625,0.025574001717567442,0.010933481946587562,-0.062411447988450525
1639117776393903600,16.820903564453126,0.018851415464282036,-0.006739537388086319,-0.03841507085114717
1639117776413984500,16.840984619140624,0.037873584385588764,-0.052930795198678965,-0.0031353742746345233
1639117776434065700,16.861065673828126,0.029739231638237832,-0.06637012248635292,0.007844281476305332
1639117776454146600,16.881146484375,-0.021653101946786046,-0.023598902252316475,-0.06655278557687998
1639117776474228700,16.901228759765626,0.05101831264086067,0.034876667591929436,-0.09090133715271949
1639117776494309600,16.9213095703125,0.08220723163075745,0.0718085141479969,-0.07909224141538143
1639117776514390800,16.941390869140626,0.046920229672268034,0.005796703580021858,-0.021516248476074543
1639117776534471700,16.9614716796875,-0.009887187764048577,-0.03068272303342819,-0.020511749891936777
1639117776554552600,16.981552490234375,0.01816759791858494,0.0005851064115762711,-0.0335313858962385
1639117776574633500,17.001633544921877,-0.018732684455439446,0.01248246495425701,-0.07079144149336498
1639117776594715600,17.021715576171875,0.009309168680384755,-0.02677227159142494,-0.001949375935527496
1639117776614796500,17.041796630859373,0.020959858985617755,-0.017139350849390028,-0.08944558538645506
1639117776634877700,17.061877685546875,-0.07542078636102378,0.04211129502058029,-0.13102818035781383
1639117776654958800,17.081958740234374,0.11399462797045708,0.05663900206685066,0.010818915656208992
1639117776675039700,17.102039794921875,0.03527063534557819,-0.047593525823950766,0.05324906736761331
1639117776695120600,17.12212060546875,0.03373385423235595,-0.044504327636957164,0.03782586365318857
1639117776715202600,17.14220263671875,0.09063194562681019,-0.005848141506314277,-0.016022904906934126
1639117776735283700,17.16228369140625,0.025558292691782114,0.01672317126393318,-0.023864850578969345
1639117776755364600,17.182364501953124,-0.1028997449170798,0.06542495059072971,0.004318164593214169
1639117776775445800,17.20244580078125,-0.0498532874494791,0.00894201586842537,-0.02567746209204197
1639117776795526700,17.222526611328124,-0.14783544970862567,0.01986731450855732,-0.015050845004385336
1639117776815607600,17.242607666015626,0.1502618731379509,0.008494856622815131,0.09106792589128017
1639117776835690200,17.262690185546877,0.032174495961144564,-0.06435001483559608,0.0971004931869451
1639117776855771100,17.282771240234375,-0.008656696121022104,-0.007497077757120132,0.10872868853257968
1639117776875852000,17.30285205078125,0.06751695443391799,0.027468437162041663,0.06228460673838854
1639117776895933200,17.32293310546875,-0.039523689680173994,-0.015311550900340079,0.05660537379188463
1639117776916014000,17.34301416015625,0.018719971104338765,0.013666706302762031,0.028378839138383044
1639117776936096300,17.36309619140625,0.0022696984976530075,0.029247137272357938,-0.03426934934854507
1639117776956177200,17.38317724609375,0.16781733050756156,0.014557517662644386,0.057515182113181795
1639117776976258000,17.403258056640624,0.0743576871741563,0.007926701346039771,0.0503749823691789
1639117776996339200,17.423339111328126,-0.15079144997000693,-0.004850947162508964,-0.028826281511783597
1639117777016420000,17.443420166015624,-0.055414428707957264,-0.015882044264674187,-0.038949908380210396
1639117777036501200,17.463501220703126,-0.03279284705519676,-0.06859189018905162,-0.0899205094218254
1639117777056583200,17.483583251953124,0.43363757380135354,-0.26216099013388156,-0.4511974150851369
1639117777076664300,17.503664306640626,0.08363923719525337,0.21108079123795032,0.038753509025275704
1639117777096745200,17.5237451171875,0.46269064980633556,-0.22750410277247426,-0.32501287536621093
1639117777116826000,17.543826171875,1.1918898904968052,-0.4440314689785242,-0.5452466948747634
1639117777136907000,17.563906982421877,0.966079147638753,0.20618015971481798,0.1090340920867864
1639117777156988200,17.58398828125,-0.7692121021270751,0.6079261461496352,0.5122513109847903
1639117777177070000,17.604070068359373,-1.7197136683404444,0.16368249572515486,0.09564123428934253
1639117777197151200,17.624151123046875,-1.5082878630571066,0.05151742126941681,-0.02775131835718639
1639117777217232100,17.644232177734374,-0.02218267877884209,0.04865326400995254,0.06985151659501716
1639117777237313300,17.664313232421875,1.1568886466771364,-0.09515490294396876,0.14147007939517497
1639117777257394200,17.684394287109374,0.46994266676120455,-0.1455126327842474,0.10719983499748632
1639117777277475000,17.70447509765625,-0.3668085285663604,-0.013493103301525115,-0.020451251876354215
1639117777297557000,17.724556884765626,-0.13940963973402976,0.04654547807574272,-0.0958484381660819
1639117777317638100,17.74463818359375,-0.0466459427755326,0.04589899686574936,-0.1031876767466776
1639117777337719300,17.76471923828125,-0.1358515819262713,0.09530220246016978,-0.0674465012799017
1639117777357800200,17.78480029296875,-0.10228146688826381,-0.03798573952317238,-0.1700760144208558
1639117777377881000,17.804881103515626,0.06436879260130227,0.03464402787983417,-0.015155757550429552
1639117777397963000,17.824962890625,0.07723528843708335,-0.08207038044333458,-0.004113554532360285
1639117777418044200,17.845044189453127,0.04689801784045994,-0.03513210365772247,0.05517011682437732
1639117777438125000,17.865125,0.012008490766957402,-0.00490647674202919,0.08274026079522445
1639117777458206200,17.885206298828123,0.05662329304106533,-0.018109657186269758,0.09538259248631074
1639117777478287000,17.905287109375,0.055766895407438274,-0.07087737077772617,-0.06617255408763885
1639117777498368300,17.9253681640625,-0.17575170370340346,-0.08012041541934013,0.11097089623510836
1639117777518450200,17.9454501953125,0.2068020179402083,-0.44474809281527994,-0.2592141412933357
1639117777538531000,17.965531005859376,0.14002806389331818,-0.7534767728567123,-0.480328524762392
1639117777558612200,17.9856123046875,0.480548231927678,-0.9519161091864109,-0.4065621545448899
1639117777578693000,18.005693115234376,0.9568032236408441,-1.6910814480960368,-0.6033735974118113
1639117777598774300,18.025774169921874,1.1028220523815602,-2.369446573606133,-0.7557952789321541
1639117777618855200,18.045855224609376,0.5776917514055967,-2.996372603780031,-0.8968395341306924
1639117777638937300,18.065937255859374,0.1009352764436975,-2.7518185820072887,-1.1666793883293867
1639117777659018000,18.08601806640625,-1.1808441072821616,-2.6515128721714016,-0.9784323601901531
1639117777679099100,18.10609912109375,-1.3156138122558594,-3.0519635580986737,-0.9170034934982657
1639117777699180000,18.126179931640625,-1.0663964748471975,-3.2889334083527326,-0.8649429783280939
1639117777719261200,18.14626123046875,-0.6763128691554069,-3.844185948935151,-0.9338167541984468
1639117777739343000,18.166343017578125,0.771996764409542,-3.920880481559038,-1.909530283883959
1639117777759424300,18.18642431640625,2.087508869856596,-2.367358661416173,-2.755772288069129
1639117777779505200,18.206505126953125,1.510651231187582,-1.2646633772194384,-1.9289839030250906
1639117777799586000,18.2265859375,-0.16613040033392606,-1.4771557888209819,-1.919643243227899
1639117777819667200,18.246667236328125,-1.1264110908269882,-0.013446926072239875,-0.7896475719124079
1639117777839747800,18.266747802734375,-2.3466616180852053,1.28465344132483,-1.0420186971768737
1639117777859830000,18.286830078125,-1.5257050079345702,2.604565243035555,-1.5920108330130576
1639117777879911000,18.306910888671876,-4.572687855011225,3.3455028523147106,-1.3211708618611095
1639117777899992000,18.326991943359374,-1.16038817923069,2.51453133636713,0.9264388458415865
1639117777920073000,18.347072998046876,11.792877592986821,-3.14570508711338,3.3275466321244833
1639117777940153900,18.36715380859375,8.530701258656382,-3.8892677841991183,-3.1608895045027134
1639117777960235800,18.38723583984375,2.0059084450125693,-2.9869314062178134,2.390158522245288
1639117777980317000,18.40731689453125,2.1337889749944208,-0.6721808839172124,0.8879694144546985
1639117778000397800,18.427397705078125,0.08950520661920308,-0.28730127660930155,0.8026984844043851
1639117778020479000,18.44747900390625,-3.1470752064228056,2.1511329085052013,2.585267252847552
1639117778040560000,18.46756005859375,-3.051571051649749,3.078093440133333,2.247039214338362
1639117778060641000,18.48764111328125,-1.8973235671311617,1.2708382664620876,1.5024755235165357
1639117778080723000,18.507722900390625,-0.8788076183557509,-1.383385033711791,1.7201736870676279
1639117778100803800,18.527803955078124,-0.8851350678116082,1.2112234634548424,5.617423702192307
1639117778120885000,18.547885009765626,2.194400095562637,1.0036106405884027,4.907774965146183
1639117778140966000,18.5679658203125,1.7455495358645916,0.10606441949307918,3.563697859472036
1639117778161047000,18.588047119140626,-0.9032172524690627,1.7351678425818682,3.519650043430924
1639117778181128000,18.6081279296875,-0.5297404981851578,2.5870366006076333,2.741859498050809
1639117778201210000,18.628210205078126,-1.181969896441698,2.4866338601380584,1.8228338510751723
1639117778221290800,18.648290771484376,-0.4796852584227919,2.77065304633677,1.205745032043755
1639117778241372000,18.668371826171875,-0.3968944547504186,1.781308246988058,-1.1759434757590292
1639117778261452800,18.688452880859376,1.25458914245069,3.5559131969451903,0.6809463741749525
1639117778281534000,18.708533935546875,0.12792203103601932,2.2756425007492305,-0.8249030096888542
1639117778301615900,18.728615966796873,0.06157996560037136,2.901384289574623,-0.5577174693912267
1639117778321697000,18.748697021484375,-0.21031214495301245,2.681531578338146,-1.0598013143658638
1639117778341778000,18.76877783203125,-0.9729927994847297,2.968814734768867,-0.7735854949057102
1639117778361858800,18.78885888671875,-0.8529331723868846,1.902658498418331,-1.5935840736791491
1639117778381940000,18.80893994140625,0.5372779079526663,1.5897966640949248,-1.1931138062685727
1639117778402020900,18.829020751953124,0.3897796543091535,0.9517115265250206,-1.4626201907292007
1639117778422103000,18.84910302734375,0.9249147050142288,0.6803776343762874,-1.6362269913583993
1639117778442184000,18.869183837890624,1.54782448528409,0.37857261611819265,-1.211769114638865
1639117778462265000,18.88926513671875,1.27777128059566,-0.3298240750402212,-1.603188937370479
1639117778482346000,18.909345947265624,1.7779869936108588,-0.5748094739675521,-1.7563012315034865
1639117778502427000,18.929427001953126,2.454394555312395,-0.43276948572993273,-0.776771139204502
1639117778522508800,18.9495087890625,2.13214939109385,-0.8593377787321805,-0.9736509711325168
1639117778542590000,18.96958984375,0.47105566950440403,-0.6785457427740097,-1.8927001451142131
1639117778562670800,18.9896708984375,-0.10495207433700561,-0.3702835112005472,-0.9397080772593617
1639117778582752000,19.009751953125,1.6039619675695895,-0.2528255910336971,-0.8857619675382972
1639117778602833200,19.029833251953125,-1.9743916092425584,0.27266894014477727,-0.6530868918687105
1639117778622913800,19.049913818359375,-1.246491760712862,0.1696890426635742,0.3163707192271948
1639117778642995700,19.06999560546875,0.4731570256978273,0.408115521466732,0.14806239033229648
1639117778663076900,19.090076904296875,-0.58680561670959,0.7691431285440922,0.3516116900868714
1639117778683158000,19.110157958984374,-1.2865665814697742,1.1255535972148178,-0.29025340441316366
1639117778703239000,19.130239013671876,-0.26796996867358686,0.9216443050414324,-0.11939575636163353
1639117778723320000,19.150320068359374,-0.19117256019711493,0.13739888443350792,-0.1335379712216556
1639117778743402000,19.170402099609376,-0.06266776083707809,0.22339725197553634,-0.1710242367900908
1639117778763483100,19.190483154296874,0.3430722636699676,0.004299743020534515,-0.2499685941673815
1639117778783563800,19.210563720703124,0.4983838214129209,-0.06542144345939159,-0.24097886669971047
1639117778803645000,19.23064501953125,0.27831074542403217,0.10791852292716503,-0.22952567172795532
1639117778823725800,19.250725830078125,0.015305705681443214,0.4615560197532177,-0.2717455416895449
1639117778843808300,19.270808349609375,0.2054343097835779,0.49977732159793375,-0.27995909715294837
1639117778863889200,19.29088916015625,0.17475567840337752,0.5382160655856132,-0.15338468133360147
1639117778883970300,19.31097021484375,-0.03284077785015106,0.3896533975809812,-0.3401848716653883
1639117778904051200,19.33105126953125,0.0864963801920414,0.5756488474011421,-0.352288420304656
1639117778924132400,19.35113232421875,0.6168330907046794,0.457720971634984,-0.33230127880871296
1639117778944213500,19.371213623046874,-0.16149521481394766,0.48985973869562144,-0.34063334608525037
1639117778964295400,19.39129541015625,-0.2822317182600498,-0.10811667584776878,-0.11202478920221329
1639117778984376300,19.411376220703126,-0.7453811446845531,-0.40562078204154967,-0.1974681532099843
1639117779004457200,19.431457275390624,-0.48477732086479663,0.23483283822536466,-0.1560717284604907
