time,seconds,z,y,x
1638923948804153900,0.0101538085937491,0.29790531250669555,-0.21697492582661906,0.2001447939995769
1638923948824238800,0.03023876953125,0.34545716515836644,-0.21503005318020454,0.257642792213497
1638923948844322800,0.0503227539062507,0.39533593945697076,-0.2128198898909261,0.3110402638484641
1638923948864407800,0.0704077148437498,0.4494109239495149,-0.209722810266639,0.3567294237560462
1638923948884492800,0.0904929199218766,0.5093630714012294,-0.20581200140196212,0.3920205653635077
1638923948904576800,0.1105766601562496,0.5763954505181641,-0.20206001799710685,0.4155166556952221
1638923948924661800,0.1306618652343765,0.6509383219713555,-0.20043156285503055,0.4273606162456293
1638923948944745700,0.1507458496093754,0.7323712198493257,-0.20383338735417691,0.4293083490086573
1638923948964831000,0.1708310546875004,0.8187934891246242,-0.21590494506101146,0.42459331836412767
1638923948984915700,0.1909157714843754,0.9068949346864585,-0.24065527365173692,0.4175728971190133
1638923949005000000,0.2110000000000003,0.9920008054747591,-0.28196626502003214,0.4131795296876452
1638923949025084700,0.2310847167968752,1.0683642967149956,-0.34298694983685546,0.4162344787245064
1638923949045169000,0.2511689453125001,1.1297350878999466,-0.42545707237248753,0.43071331223364084
1638923949065253600,0.2712536621093768,1.1701540704757516,-0.5290432583390868,0.4590792490624537
1638923949085339000,0.2913388671875001,1.1848370948768285,-0.650832268312256,0.5018108568419692
1638923949105422800,0.3114228515625008,1.1709304758248464,-0.7851459601729491,0.5572199432238455
1638923949125507800,0.3315078124999999,1.1278855027948833,-0.923789320574738,0.6215804665076957
1638923949145592000,0.3515920410156248,1.0572926934218574,-1.0567601547118337,0.689509289455317
1638923949165676800,0.3716767578124997,0.9622756852838925,-1.1733913212293152,0.7545054214238174
1638923949185762000,0.3917619628906248,0.8468135090040251,-1.263820648930218,0.8095689321440124
1638923949205845800,0.4118457031249996,0.7153503203027585,-1.320503320146793,0.8478363713711656
1638923949225931000,0.4319309082031246,0.5726720977706858,-1.339289944644282,0.8631682045630227
1638923949246014700,0.4520146484374994,0.4236255481681047,-1.3196564809077673,0.850643745521439
1638923949266100000,0.4720998535156244,0.2723312589517393,-1.264041685365922,0.8069695062910535
1638923949286185000,0.4921850585937495,0.12110573734007114,-1.1766164050329444,0.7308350763604048
1638923949306269000,0.5122690429687502,-0.030283727990170244,-1.061909613764698,0.623214157597639
1638923949326354000,0.5323540039062493,-0.18458762990774893,-0.9236142311721363,0.4875237769623966
1638923949346438000,0.55243798828125,-0.3462348088079653,-0.7637792565531444,0.32949193964536316
1638923949366523100,0.5725231933593768,-0.5198468575628016,-0.5825132430037648,0.15661856130253923
1638923949386607900,0.59260791015625,-0.7083871228159803,-0.3782344693988235,-0.02275786756157482
1638923949406692000,0.6126921386718767,-0.911477983822853,-0.14840394220373762,-0.2006444854687429
1638923949426776800,0.6327768554687498,-1.1244795479060794,0.10939869671787616,-0.3706091062533094
1638923949446861000,0.6528610839843765,-1.3384670088968522,0.3962356802041488,-0.5287592673192338
1638923949466945800,0.6729458007812497,-1.5406921946938108,0.7105875875295004,-0.6742059126366765
1638923949487031000,0.6930310058593765,-1.7151498069866156,1.0472920975572098,-0.8088296464027115
1638923949507115000,0.7131149902343754,-1.8433891994289047,1.3967598119179032,-0.9363757980472565
1638923949527200000,0.7331999511718763,-1.9059678282068073,1.7445902875420434,-1.061089961919553
1638923949547284000,0.7532839355468752,-1.8846445502806815,2.0717473839984066,-1.1861701130647566
1638923949567369000,0.7733688964843743,-1.7650121124838938,2.355454310548886,-1.3123113680558491
1638923949587454000,0.7934538574218752,-1.5391624544580624,2.5708855269320727,-1.4366357390000326
1638923949607538000,0.8135378417968742,-1.2080540997665854,2.6935881197965053,-1.5522981420960544
1638923949627623000,0.8336228027343768,-0.7832738039042475,2.70243324156122,-1.648968006094517
1638923949647707000,0.8537067871093758,-0.2878451904024082,2.5828066960918257,-1.7142071002172155
1638923949667792000,0.8737919921875008,0.24427681491610387,2.3296494209703305,-1.735556566880012
1638923949687876900,0.8938769531249999,0.7703680847537524,1.9498218124114022,-1.7029506822462923
1638923949707960800,0.9139609375000006,1.243050985470625,1.4631386445667867,-1.6109130137417849
1638923949728045800,0.9340458984374996,1.6164280712906454,0.9014104130406186,-1.4599112456560055
1638923949748129800,0.9541298828125004,1.8534879983485224,0.3051170181247127,-1.256356145005696
1638923949768215000,0.9742150878906236,1.9326433842844615,-0.2819118805544185,-1.0111373447902525
1638923949788300000,0.9943000488281246,1.850769162963403,-0.818527369576309,-0.7372343484401301
1638923949808384000,1.0143840332031235,1.6220865904382473,-1.2713684038002238,-0.4474427416667645
1638923949828469000,1.0344689941406244,1.274754805611518,-1.6178550698726128,-0.1531665688958204
1638923949848553000,1.0545529785156234,0.8468734489204421,-1.8466888690334538,0.13539184007533886
1638923949868638000,1.0746379394531242,0.3819862533997527,-1.9563424528123947,0.407990094545289
1638923949888723000,1.0947229003906234,-0.076008241851387,-1.9527008474846161,0.6528912608174318
1638923949908807000,1.1148068847656258,-0.4879926474406599,-1.8470605081961475,0.8562693584592725
1638923949928892000,1.1348918457031232,-0.8240965584610908,-1.655026010497677,1.0032792684210705
1638923949948976000,1.1549760742187498,-1.0667326123535072,-1.395999304830597,1.080819009034445
1638923949969060900,1.1750607910156248,-1.2115514152990499,-1.0924879480646008,1.0811535563196852
1638923949989145000,1.1951450195312496,-1.2662242716725913,-0.7686028682015548,1.0050442634448498
1638923950009229800,1.2152297363281246,-1.2475697033218331,-0.4477356411795677,0.8630648175936142
1638923950029315000,1.2353151855468756,-1.1777911704850978,-0.15003089960322055,0.674460030008482
1638923950049398800,1.2553986816406244,-1.0805426835060297,0.10954110301031689,0.46392709557402373
1638923950069484000,1.2754841308593754,-0.9773776293240852,0.3220170225778086,0.257445442181319
1638923950089567200,1.295567138671874,-0.8849784575064262,0.4842101773014947,0.07833462005257398
1638923950109652000,1.3156518554687509,-0.8134319893904819,0.5978260490084202,-0.05575060990301573
1638923950129737200,1.3357373046875,-0.7656626363571943,0.6683797822206095,-0.13467625924052182
1638923950149821000,1.3558210449218766,-0.7379572548403935,0.7041927170857857,-0.15655478453371632
1638923950169906200,1.37590625,-0.721389380378819,0.7155376706315577,-0.1273890155870307
1638923950189990100,1.3959902343750006,-0.7038886404691292,0.7138714300428527,-0.05969396586756985
1638923950210075100,1.4160751953124997,-0.6726232712690916,0.7110418683138219,0.02974022730638683
1638923950230160000,1.4361599121093764,-0.6162921757740151,0.718364716457963,0.12259543323654576
1638923950250244000,1.4562441406249995,-0.5269547332510179,0.745533690628664,0.2018070827973336
1638923950270329000,1.4763291015625004,-0.40115575838255435,0.7994597178040493,0.2539510466322095
1638923950290413000,1.496413085937499,-0.24026581394608315,0.8832648261459793,0.270976478613977
1638923950310498000,1.5164980468750002,-0.05011355762237865,0.9956643736017953,0.25117152692234684
1638923950330583000,1.5365830078124991,0.15990689612288284,1.1308177244409716,0.19926818976509336
1638923950350667000,1.5566669921875,0.37802955905268915,1.2785505398517913,0.12557056749801104
1638923950370752000,1.5767519531249992,0.5913833996067326,1.424829662079063,0.04415354798137394
1638923950390836000,1.5968359375,0.7871484699797662,1.5524889583871218,-0.029460466076984968
1638923950410921200,1.6169211425781231,0.9535233257748227,1.6422960400783155,-0.0805041588182605
1638923950431005000,1.6370048828124997,1.0805228912184672,1.674424894208014,-0.0965670186235483
1638923950451090200,1.6570900878906247,1.1606641645341866,1.630300131412081,-0.06854644849184195
1638923950471175000,1.6771748046874997,1.1896168181320323,1.494688495776443,0.00878476090006344
1638923950491259100,1.6972590332031243,1.1668870039950445,1.2578623948836907,0.1363329534876644
1638923950511343900,1.7173437499999995,1.096520082427562,0.9175963167121083,0.3103013207524673
1638923950531428000,1.7374279785156244,0.9876914859709227,0.48065766039215935,0.5219936156060979
1638923950551512800,1.7575129394531237,0.8549398161134961,-0.03657692007158428,0.7579849888947937
1638923950571598000,1.7775981445312503,0.71767728222216,-0.608608231484768,1.0007809148147655
1638923950591682000,1.7976821289062492,0.5986019913378663,-1.2023953920981374,1.2300047720117475
1638923950611767000,1.81776708984375,0.5208959585679774,-1.7798721104437494,1.4241613576593242
1638923950631851000,1.8378510742187508,0.50453394812208,-2.3012599746937656,1.5630306679872787
1638923950651936000,1.85793603515625,0.5623810365018279,-2.7290968602766794,1.6305570613231952
1638923950672021200,1.8780212402343768,0.6969209565156841,-3.032762037637562,1.6177378843287664
1638923950692105000,1.8981049804687495,0.8984437943534894,-3.19290062629521,1.5247575006505045
1638923950712190200,1.9181901855468768,1.145258772916641,-3.204776838987812,1.3616740543844728
1638923950732274200,1.9382741699218755,1.4060317980423385,-3.07954486869399,1.1473098962788946
1638923950752359200,1.9583591308593764,1.6438986115802614,-2.8428245103776995,0.9064627644111548
1638923950772444000,1.9784438476562496,1.8216932989443366,-2.5306447606744356,0.6660048153496373
1638923950792528100,1.9985280761718744,1.9074389128845939,-2.183504338628033,0.45069619450043846
1638923950812613000,2.018613037109376,1.8791550919329902,-1.839767300140182,0.2794764908311077
1638923950832697000,2.0386970214843743,1.7280742577488677,-1.5297559088963615,0.1627225746301028
1638923950852782000,2.058781982421875,1.4595908778678766,-1.2717107570727035,0.10072142554126781
1638923950872867000,2.0788671875,1.0917281069586333,-1.070302834243158,0.08350460000448538
1638923950892951000,2.0989509277343767,0.6514885626481236,-0.9177390107125392,0.09214178014102153
1638923950913036000,2.1190361328125,0.1699610731728612,-0.7969281110085754,0.10145550837296688
1638923950933120000,2.1391201171875007,-0.32268599752913163,-0.6858303843012439,0.08386040402930141
1638923950953205000,2.159205078125,-0.8012316280478038,-0.5619869099829249,0.013768770238499307
1638923950973289000,2.1792890625000005,-1.2476456693174394,-0.4062944772541614,-0.12813736204216092
1638923950993374200,2.1993742675781256,-1.6512318795690961,-0.20542952511457344,-0.35148404901392627
1638923951013459000,2.219458984375001,-2.0069433718506255,0.04714401719694346,-0.6542412226713928
1638923951033543200,2.239543212890624,-2.3126503970625825,0.35122459897349356,-1.0225493725180996
1638923951053628000,2.2596279296875004,-2.5663618751246053,0.7004937906052575,-1.432257580031427
1638923951073712400,2.2797124023437494,-2.7642418225124583,1.0833222656527997,-1.851723924196031
1638923951093797400,2.2997973632812503,-2.8998158586016483,1.4835616624311196,-2.245314856985135
1638923951113882600,2.319882568359376,-2.9642895829220244,1.8812920036479324,-2.5771621916065572
1638923951133966300,2.33996630859375,-2.9476170648407933,2.253622565659661,-2.8148446354620553
1638923951154051600,2.360051513671875,-2.839938322401838,2.575737525123758,-2.9326347562438126
1638923951174135600,2.380135498046876,-2.633214101570224,2.822388398667527,-2.9139457331701912
1638923951194220500,2.4002204589843767,-2.3231135399451017,2.9699073175224133,-2.7527748598468595
1638923951214305300,2.42030517578125,-1.9111791348458298,2.998582831803882,-2.454200430051267
1638923951234389500,2.440389404296877,-1.4069986599931485,2.8950372183870154,-2.0341444594014235
1638923951254474500,2.460474609375,-0.8298260522206748,2.6542146862210867,-1.5185528427380328
1638923951274558500,2.4805583496093764,-0.2090419298769585,2.280747385966023,-0.9419630846106845
1638923951294643500,2.5006435546875,0.41697276885988127,1.7896566413847723,-0.34532646995288546
1638923951314728400,2.520728515625001,1.0037401384078035,1.2063892997220687,0.22700765200580764
1638923951334812400,2.5408124999999995,1.5053790824002409,0.5660465019388786,0.7311484004051005
1638923951354897400,2.5608974609375004,1.8808312225978425,-0.08852593173963737,1.128234273510466
1638923951374981400,2.5809814453124997,2.100690121075825,-0.7101358604076361,1.3892797718004501
1638923951395066600,2.6010666503906243,2.152686442969689,-1.2521609432145404,1.499403789618589
1638923951415151400,2.6211513671874997,2.04354671137815,-1.6743562510459795,1.460311523597231
1638923951435235600,2.641235595703124,1.7964828564790096,-1.9482955656814256,1.2901761523773212
1638923951455320300,2.661320312499999,1.4459750167888197,-2.061087436196109,1.0207458589249485
1638923951475404500,2.6814045410156258,1.0322221268749492,-2.0165437232398733,0.6922791462187792
1638923951495489300,2.7014892578125007,0.5964115414507418,-1.8337817724806633,0.3475080479185255
1638923951515574500,2.7215744628906258,0.17679580792384303,-1.543841478888184,0.025984392133775187
1638923951535658200,2.7416582031250005,-0.19468068607619451,-1.1850355876990055,-0.24023292342334873
1638923951555743500,2.7617434082031256,-0.49516378461165833,-0.7976075104420907,-0.42924406322771363
1638923951575827500,2.7818273925781245,-0.7125385076991422,-0.41829100526870794,-0.5304550288175124
1638923951595912400,2.801912353515624,-0.8452850376697175,-0.07564100652010561,-0.5444318449602441
1638923951615997400,2.8219975585937505,-0.9005143111205804,0.21288399964323554,-0.4816653369642351
1638923951636081400,2.8420812988281234,-0.8909674519390771,0.4415066231192506,-0.3604190034352474
1638923951656166700,2.8621667480468744,-0.8319774077437101,0.6145083154253452,-0.20380722093932604
1638923951676250400,2.882250488281249,-0.7389697400458991,0.743078719783155,-0.036325023060989774
1638923951696335600,2.9023356933593742,-0.6255996834124039,0.8415228311398456,0.11972914071533258
1638923951716420400,2.922420410156249,-0.5024903577721093,0.9236740794586838,0.2472950215935173
1638923951736504600,2.942504638671876,-0.3766107174461123,1.0001796397186131,0.3364473216102604
1638923951756589300,2.962589355468751,-0.2513226356843792,1.077031820791691,0.38482997273308606
1638923951776673500,2.982673583984376,-0.12702277850524396,1.1553764438570417,0.3967044287855632
1638923951796758500,3.0027585449218765,-0.0022427588187166284,1.232345634895201,0.3810136053971102
1638923951816843500,3.022843505859376,0.12494509208260574,1.3025076356267065,0.349021511526815
1638923951836927500,3.0429274902343764,0.25541887586854034,1.3594838749916758,0.3120763833391815
1638923951857012500,3.0630124511718755,0.3876799350389454,1.3973217344157827,0.27993533623268985
1638923951877096400,3.0830964355468744,0.5170451072741279,1.4113253565959105,0.2599361688435574
1638923951897181400,3.1031813964843757,0.6356690355504064,1.3982225708580784,0.2570649301835375
1638923951917266400,3.1232663574218744,0.7335537572362144,1.3557460038947777,0.27461633178122274
1638923951937350400,3.143350341796875,0.8004194111865749,1.281886804685667,0.31485233046782324
1638923951957435400,3.1634353027343742,0.828009900075092,1.1741816303218735,0.37912169399711143
1638923951977519600,3.183519531250001,0.8122633465766946,1.029352420402357,0.4673453386005889
1638923951997604400,3.203604248046876,0.7548498619665769,0.8434471674131285,0.5772580641881278
1638923952017689300,3.223689453125001,0.6637743217827972,0.6124652118215006,0.7039625572784304
1638923952037773300,3.243773193359376,0.5529416892737142,0.33339873495477207,0.8401551223136671
1638923952057858600,3.263858642578125,0.4407422504988825,0.005608937731375856,0.9770339750272824
1638923952077942800,3.2839428710937497,0.34783493695651396,-0.3676353604133756,1.1055993033861375
1638923952098027800,3.3040278320312506,0.2944025725245951,-0.7777724747368664,1.2179084573274899
1638923952118112800,3.3241127929687497,0.29724935605101727,-1.2101230390487157,1.3079102624958356
1638923952138196700,3.3441967773437504,0.36717551709925506,-1.644011380655862,1.3717091072477465
1638923952158281700,3.364281738281249,0.5069917601967057,-2.0540898146995747,1.407361771206971
1638923952178365700,3.3843657226562502,0.7103452524549692,-2.412922777472825,1.414455321380169
1638923952198450700,3.4044506835937494,0.9614230784861412,-2.694627374136323,1.3937208240831513
1638923952218536000,3.4245358886718744,1.2356706475212966,-2.879021997485849,1.3468332783608263
1638923952238620000,3.444619873046875,1.501728667797184,-2.955362587071404,1.2763726332778491
1638923952258705000,3.4647048339843742,1.7246734997929234,-2.924571827792088,1.1857608422557715
1638923952278788900,3.4847888183593767,1.870383624886595,-2.7991386706550667,1.0789566517554547
1638923952298873900,3.504873779296876,1.9105381770152463,-2.6005695678055147,0.959826314166254
1638923952318958800,3.5249587402343767,1.8274149469770387,-2.3550588044658936,0.8313437129803141
1638923952339042800,3.545042724609376,1.6174196725163419,-2.088520797920553,0.6949238130732752
1638923952359127800,3.5651279296875007,1.2923171541769327,-1.8221615182563151,0.5501075207646844
1638923952379211800,3.5852116699218755,0.8775053085259445,-1.569468638435775,0.39459399767183234
1638923952399296800,3.605296875000001,0.4073730605236216,-1.3350357220771378,0.2245204193971145
1638923952419381800,3.6253818359375,-0.08127445446150847,-1.1151661255814225,0.03500228110127648
1638923952439465700,3.6454658203125,-0.5559153232485057,-0.8998820506204458,-0.17892933872545727
1638923952459551000,3.665551025390624,-0.993143154823322,-0.6758154568094964,-0.42094181033466316
1638923952479634700,3.685634765625,-1.3803363457266054,-0.42935590079787006,-0.6917897825611625
1638923952499720000,3.705719970703123,-1.71411224571548,-0.1493843610737429,-0.9879742193354105
1638923952519803600,3.7258037109375,-1.9966315430588404,0.17086574455489778,-1.301228003239163
1638923952539889000,3.7458889160156232,-2.2313470848463,0.5328168651882853,-1.6191004854022393
1638923952559973600,3.7659736328125,-2.419671090465057,0.9320903115568665,-1.926395636307219
1638923952580057900,3.786057861328125,-2.559370898308779,1.3583248899961475,-2.2068600836812524
1638923952600142600,3.806142578125,-2.644612655270346,1.7952817032728996,-2.444608302594516
1638923952620226800,3.8262268066406246,-2.6670139062411646,2.2213619756220098,-2.625153969059634
1638923952640311800,3.8463117675781255,-2.617111154547398,2.6106170291342217,-2.7361915527145495
1638923952660396800,3.8663967285156247,-2.4860069819010038,2.934288564771776,-2.7682738153834947
1638923952680480800,3.886480712890624,-2.267214904023798,3.1629003949045837,-2.7154188916213178
1638923952700565800,3.906565673828125,-1.9587029249654881,3.2688625690212496,-2.5756312251138898
1638923952720649700,3.9266496582031234,-1.5649251621448124,3.229463533809301,-2.351327660340197
1638923952740734700,3.946734619140624,-1.0984137920193686,3.0300545964189722,-2.0496468336595273
1638923952760820000,3.9668200683593753,-0.5804701074082061,2.667147364393094,-1.682588346153582
1638923952780904000,3.986904052734374,-0.040692702676662335,2.151020543709494,-1.266933563302492
1638923952800989000,4.006989013671873,0.48470702484276007,1.507303031790786,-0.8239132360375392
1638923952821073000,4.027072998046876,0.9559213566268273,0.7769225277322708,-0.37850044351315326
1638923952841158000,4.047157958984375,1.3342263911219956,0.013811485624686816,0.04195536448669963
1638923952861243000,4.067242919921874,1.5882883101905252,-0.7200840196517946,0.41007728507432106
1638923952881326800,4.0873269042968765,1.7005734930278724,-1.3624224576532904,0.7018434192475734
1638923952901411800,4.107411865234376,1.6708808319004524,-1.8595924601200662,0.9004028841727616
1638923952921495800,4.127495849609375,1.5150598460481333,-2.1751024431870527,0.9990133185299032
1638923952941580800,4.147580810546874,1.260310155978165,-2.2947504496085815,1.0017881206308024
1638923952961665800,4.167665771484376,0.9400481555391232,-2.2271714437937424,0.921993276623697
1638923952981749800,4.187749755859375,0.5896330680577423,-2.0001501959402117,0.7789094678975829
1638923953001834800,4.207834716796874,0.2425563650832108,-1.654473192699081,0.5946771797667736
1638923953021918700,4.227918701171873,-0.07306658620433251,-1.2372651618198913,0.39195727474219716
1638923953042004000,4.248003906249998,-0.33717346608565574,-0.7959010399352404,0.19243569172752537
1638923953062087700,4.268087646484375,-0.5389764085479773,-0.37274968400806435,0.015820662814179362
1638923953082172000,4.288171875,-0.676465710689138,-0.0008831427661045044,-0.12099627529078684
1638923953102257000,4.308256835937499,-0.7545168367843121,0.29884442140978246,-0.20483440367569558
1638923953122340900,4.328340820312501,-0.7823182482892522,0.5188926350760149,-0.22728075747992782
1638923953142426000,4.348426025390626,-0.7707887385908234,0.6641671271833071,-0.1857992049524807
1638923953162509800,4.368509765624999,-0.7303893905254658,0.7494811440770223,-0.08451407174758933
1638923953182595000,4.388594970703124,-0.6695467184763271,0.7959163899663146,0.06578569577175056
1638923953202679800,4.408679687500001,-0.5937996884356713,0.826709030797275,0.24865661443472659
1638923953222764000,4.428763916015626,-0.5056552585926528,0.8632352235145093,0.44391522977947406
1638923953242848800,4.448848876953125,-0.40503290041339934,0.921630209298042,0.6301232153890847
1638923953262933000,4.46893310546875,-0.2902003251223131,1.0105234630499986,0.7872789733303954
1638923953283018000,4.489018066406249,-0.15911716338457713,1.1301878795770612,0.8994059958307776
1638923953303103000,4.509103027343748,-0.010939107038860009,1.2730661370558105,0.9567415139399496
1638923953323187000,4.529187011718751,0.15273876159584612,1.4253300461033205,0.9572013384470305
1638923953343272000,4.54927197265625,0.3272338955268665,1.5690329687657223,0.9068484200837634
1638923953363356000,4.569355957031249,0.5047904965933538,1.6845015568934316,0.8192819681137368
1638923953383441000,4.589440917968751,0.6751718571669708,1.7527058932556292,0.71405775406546
1638923953403524900,4.60952490234375,0.8267945894246463,1.7573685002914707,0.614307237113415
1638923953423609900,4.6296098632812495,0.9484121256373009,1.6865906635298127,0.5437091893819294
1638923953443694800,4.649694824218749,1.0312217282459317,1.5338420592327406,0.5230334228194669
1638923953463779000,4.669779052734373,1.0710354238153659,1.2982533667783112,0.5666487678641898
1638923953483863800,4.68986376953125,1.0699801101424895,0.9842707412566571,0.6795775336583986
1638923953503948000,4.709947998046875,1.0371436321385026,0.6009071989206028,0.8557620817831986
1638923953524032800,4.730032714843752,0.9877315926732332,0.16097867644558891,1.0780797592216684
1638923953544118000,4.750117919921873,0.9407166527285064,-0.31935637674089745,1.3203055998030253
1638923953564201700,4.77020166015625,0.9154855795391517,-0.820778576764162,1.5508053770324643
1638923953584287000,4.790286865234375,0.9282535540215996,-1.321101073398868,1.737367650593755
1638923953604371000,4.810370849609374,0.9888990489133813,-1.796148157524481,1.8523180467669125
1638923953624456000,4.830456054687499,1.098641900343872,-2.2214693917909587,1.8769578681927725
1638923953644540000,4.850539794921875,1.2488553096316801,-2.5748143678414213,1.8044748324213193
1638923953664625000,4.870625,1.4212146761065272,-2.8390038205182817,1.6407765695810597
1638923953684710100,4.8907102050781255,1.5893149983755857,-3.004596210422367,1.4031071139568696
1638923953704793900,4.9107939453124985,1.7218463931526067,-3.071597503102514,1.1166938880173638
1638923953724879000,4.930879150390624,1.7872160298736581,-3.0495095696134253,0.8100109030727971
1638923953744962800,4.950962890625,1.7590464661027225,-2.95537987601401,0.5095975431314536
1638923953765048000,4.971048095703125,1.6215133970278708,-2.8101498405062753,0.23564930846185583
1638923953785132800,4.991132812499998,1.3732032986760172,-2.634200956178643,-0.0005115399156753716
1638923953805217000,5.011217041015627,1.0281274150325568,-2.443238834831611,-0.1966367833424814
1638923953825301800,5.0313017578125,0.6130218799273323,-2.2454721363490275,-0.35785772127083026
1638923953845386000,5.051385986328125,0.1613415240746354,-2.0406221995107967,-0.49403223406704205
1638923953865471000,5.071470947265624,-0.29410175705328295,-1.8208261175002014,-0.6169538074101795
1638923953885556000,5.091555908203127,-0.7272158513652016,-1.5730692757116815,-0.7378487635164741
1638923953905640000,5.1116398925781255,-1.1215706141907587,-1.2825145808852119,-0.865373327280624
1638923953925725000,5.131724853515625,-1.4700229934845923,-0.9360563669280233,-1.004347357017458
1638923953945809000,5.151808837890624,-1.7721159028082862,-0.5255240304672695,-1.1554483192421892
1638923953965894000,5.171893798828126,-2.0305889629426357,-0.05008080442760638,-1.315852423787545
1638923953985977900,5.191977783203125,-2.248072271886658,0.4824859226537878,-1.480469030450087
1638923954006063000,5.21206298828125,-2.424820603509854,1.0557164207820826,-1.643225705187696
1638923954026147800,5.232147949218749,-2.5579166189500953,1.645659127077359,-1.7979630526505501
1638923954046232000,5.252232177734374,-2.641596981346481,2.2230817955158946,-1.9387931493203467
1638923954066316800,5.272316894531251,-2.6679855196399713,2.7562756131854016,-2.060043993543699
1638923954086401300,5.292401367187502,-2.627961362419096,3.2138700023226057,-2.156029978711944
1638923954106486300,5.312486328125001,-2.5124071354047257,3.567134121073908,-2.2208610932072275
1638923954126571300,5.3325712890625,-2.313992754755489,3.79148390917798,-2.2483976088041526
1638923954146655200,5.352655273437499,-2.0292624734804927,3.8673095987008517,-2.232373084174684
1638923954166740200,5.3727402343750015,-1.6606025149847057,3.7806224589864414,-2.166696308043535
1638923954186824400,5.392824462890626,-1.2176887504163696,3.5240909831032763,-2.0459492505232277
1638923954206909200,5.4129091796875,-0.7181490822672503,3.098742366962209,-1.8660953347835278
1638923954226993400,5.432993408203124,-0.1873460163990885,2.516173687486408,-1.6254403042119074
1638923954247078100,5.453078125000001,0.3427923852627791,1.8007127497167068,-1.3259005606224232
1638923954267163400,5.473163330078126,0.8360768296788066,0.990666728861597,-0.974510676625518
1638923954287247000,5.493247070312499,1.2556301943170223,0.13772075333904263,-0.5848599661904862
1638923954307332400,5.513332275390624,1.5685953812135325,-0.6962580869113347,-0.17792991525861526
1638923954327416000,5.533416015625001,1.7515099993519874,-1.445365661647671,0.2183737785319838
1638923954347501300,5.553501220703126,1.7951194759125402,-2.048389214385747,0.5718530584818344
1638923954367586000,5.573585937499999,1.7063406519122624,-2.458500546551059,0.8513111173828544
1638923954387670300,5.593670166015624,1.505820312756266,-2.651138613989247,1.0335166767708501
1638923954407755300,5.613755371093749,1.2225636210191897,-2.627507911208371,1.1090865428879615
1638923954427839200,5.633839111328125,0.8886462496232393,-2.4128447828898603,1.0845942026616957
1638923954447924200,5.6539243164062505,0.5353333177989957,-2.0505967756319228,0.9804559582300235
1638923954468008200,5.674008300781249,0.19027623474593208,-1.5946974145740112,0.8263127351762413
1638923954488093200,5.6940932617187485,-0.1244942250348341,-1.1018587698580957,0.6558599235713066
1638923954508178200,5.714178222656251,-0.39372360220026065,-0.6248225874903448,0.5019996288476454
1638923954528262100,5.73426220703125,-0.609138839392356,-0.20678827618479773,0.39241072626677936
1638923954548347100,5.754347167968749,-0.7686711649453102,0.12283114761831668,0.34571552203010253
1638923954568431000,5.774431152343752,-0.8748759471136452,0.3509386702382281,0.3688003318929274
1638923954588516400,5.794516357421877,-0.9329651100507776,0.4810876004842451,0.4559010632797902
1638923954608601300,5.814601318359376,-0.9489613909513747,0.5313679591435938,0.5897313770625315
1638923954628685300,5.834685302734375,-0.9283516430438812,0.5300850176549226,0.7444802597244973
1638923954648770300,5.854770263671874,-0.8753499389644103,0.5100207459099884,0.8901428613272988
1638923954668854300,5.874854248046876,-0.7926901815553951,0.5024350885655322,0.9974331096438899
1638923954688939300,5.894939208984376,-0.6818134244228242,0.5319783586047989,1.042468011611091
1638923954709023200,5.915023193359374,-0.5433446211682812,0.6133424108409642,1.0105005471689124
1638923954729108200,5.9351081542968736,-0.37781220104225716,0.7499498416092997,0.8981784868547399
1638923954749193200,5.955193115234376,-0.18656444951263784,0.9345200396421037,0.7140805545984662
1638923954769277400,5.975277343750001,0.02724841565170586,1.1511021693405579,0.47756931628358773
1638923954789362200,5.995362060546874,0.2578361050924402,1.3780771750648135,0.21622761921502706
1638923954809446400,6.015446289062499,0.4962828266593151,1.5915851481537329,-0.03772265184074543
1638923954829531100,6.035531249999998,0.7305643182113654,1.7688005015400854,-0.2515562567977769
1638923954849615400,6.055615478515627,0.9461513127518827,1.8905205287211133,-0.39622652449918777
1638923954869700000,6.0757001953125,1.1272385810887893,1.9427112558964803,-0.45006124387653595
1638923954889785300,6.095785400390625,1.2585876146704045,1.916937380526832,-0.401503158272868
1638923954909869300,6.115869384765624,1.3278294967050277,1.8098852591832988,-0.25060388126272337
1638923954929954300,6.135954345703127,1.3278070303906295,1.622362945139235,-0.009179892453658245
1638923954950038300,6.156038330078125,1.2583149638863613,1.3581928407666035,0.30033631978079506
1638923954970123300,6.1761232910156245,1.1267318686138261,1.0233452800048632,0.6472276061573284
1638923954990207200,6.196207275390623,0.9475422389351974,0.625549776638833,0.9957578740757902
1638923955010292200,6.21629223632813,0.7411554312932497,0.17447418013598423,1.3090092768339134
1638923955030377200,6.236377197265625,0.5323527623316763,-0.3176249271558596,1.5528944315707642
1638923955050461200,6.256461181640624,0.34836055953021866,-0.8350756666506066,1.6999541055217642
1638923955070546200,6.276546142578123,0.2164033769431867,-1.3582251150221252,1.7325351673476552
1638923955090630700,6.2966306152343705,0.16070507587346908,-1.863589137888419,1.644955106649306
1638923955110715600,6.31671557617188,0.1990600753527223,-2.3250496119500137,1.4443963013915815
1638923955130799600,6.336799560546879,0.3392324197685764,-2.716209610557465,1.1504931810314643
1638923955150884600,6.356884521484371,0.5757139704922496,-3.0137322491088625,0.7936852692014796
1638923955170969600,6.376969482421877,0.8877751389556934,-3.2011157743384415,0.412331862412211
1638923955191053600,6.39705346679688,1.239880009707695,-3.2719262816804564,0.04851363979321564
1638923955211138800,6.417138916015624,1.5850815305907127,-3.231277341053537,-0.2573696850214022
1638923955231222500,6.437222412109371,1.8712009938100314,-3.0946893169586653,-0.47260646092816755
1638923955251307800,6.457307861328125,2.048921707932038,-2.884432447998015,-0.5775933030075309
1638923955271391700,6.477391845703124,2.0804267597562123,-2.624519803413279,-0.5692100643302273
1638923955291476700,6.497476806640623,1.946687496708605,-2.3359733301715067,-0.46112637273149304
1638923955311561500,6.5175615234375,1.6513179399947309,-2.033654679911028,-0.28102232313846165
1638923955331645700,6.537645751953125,1.2195980983086798,-1.725194340071055,-0.06566417063317319
1638923955351730700,6.557730712890624,0.6926951320011638,-1.411824709251994,0.1448355115387121
1638923955371814700,6.577814697265627,0.11871521249752741,-1.090489475261487,0.31247424843449073
1638923955391899600,6.597899658203129,-0.4565645089170975,-0.7564994095061335,0.40594630341917004
1638923955411984600,6.617984619140625,-0.9963659078906146,-0.4061378427591312,0.40412611556267514
1638923955432068600,6.638068603515624,-1.47552770149887,-0.03883251429425064,0.29826314071847176
1638923955452153600,6.6581535644531264,-1.8797134990514415,0.3413945013588789,0.09269025953750192
1638923955472237600,6.678237548828125,-2.203021173071486,0.72555092734269,-0.19603787914290885
1638923955492322600,6.6983225097656245,-2.445468594820315,1.1006636740268032,-0.5415059389844511
1638923955512406500,6.718406494140623,-2.610880447845873,1.4520021382903467,-0.911088875814927
1638923955532491800,6.7384916992187485,-2.705169682063984,1.7658736330698857,-1.2704715829855737
1638923955552576500,6.758576416015625,-2.7348863660942393,2.0321209475930915,-1.5883442028393113
1638923955572660700,6.77866064453125,-2.7057870377321263,2.245603672678147,-1.8404246167308878
1638923955592745500,6.798745361328123,-2.6212654012246293,2.4062363032947167,-2.012039965570721
1638923955612829700,6.818829589843752,-2.4811002245640723,2.517512937468526,-2.098776953728618
1638923955632914400,6.838914550781251,-2.2815862491244974,2.583874659377209,-2.1051185892328026
1638923955652998700,6.85899853515625,-2.017761707949169,2.6076644808938876,-2.0414724538157594
1638923955673083600,6.879083740234371,-1.6871305004510546,2.5866198003954337,-1.9204350990542094
1638923955693168600,6.899168701171877,-1.2932286676868727,2.5127898786102962,-1.7533646747950007
1638923955713252600,6.91925268554688,-0.8475972935458254,2.3734356742397997,-1.5482657746970325
1638923955733337600,6.939337646484372,-0.36978458567849176,2.1539633262817373,-1.309604028788848
1638923955753421600,6.959421630859371,0.11415150301883112,1.8423825354334247,-1.0400147979601362
1638923955773506600,6.979506591796877,0.5739850803046406,1.4342829414582583,-0.7431849172453104
1638923955793590500,6.99959057617188,0.9781686024495903,0.9370519513611666,-0.42680534188892055
1638923955813675500,7.019675537109372,1.2973274312067795,0.372131619926292,-0.10455364560450402
1638923955833760500,7.039760498046878,1.5085885625019715,-0.225539510079165,0.20363433448478996
1638923955853844700,7.059844726562499,1.5998956636277597,-0.8111886218659446,0.47341953101439693
1638923955873929500,7.079929443359376,1.5721370407637374,-1.336475184470303,0.6799795566477372
1638923955894013700,7.100013671875001,1.4376150424590912,-1.7570886785074729,0.8031882859178322
1638923955914098400,7.120098388671877,1.2162480124218655,-2.0399516334295957,0.8325961363966122
1638923955934182700,7.140182617187499,0.9322012188016036,-2.1682349738684774,0.7706294409882819
1638923955954267400,7.160267333984372,0.6117178738706283,-2.1429188637099736,0.632947463535461
1638923955974352600,7.1803525390625005,0.2811640404972282,-1.9808959431912194,0.4459003072186582
1638923955994436600,7.200436523437499,-0.035174024611934536,-1.7108523348272122,0.24199673647847245
1638923956014521600,7.2205214843749985,-0.3170766787382478,-1.3683787253217188,0.05459217889497424
1638923956034605600,7.240605468750001,-0.549656689052885,-0.9911028507593408,-0.08730018947445356
1638923956054690600,7.26069067382813,-0.7237220705787379,-0.6140457768408759,-0.16345690533100385
1638923956074774500,7.280774414062499,-0.8353860108637519,-0.26540585392976285,-0.1655175504593348
1638923956094859000,7.30085888671875,-0.8852711509208608,0.03667819125984088,-0.09805151767245117
1638923956114942700,7.320942626953126,-0.8775795240863785,0.28565180388088734,0.022696805455859014
1638923956135028000,7.341028076171877,-0.8191066186452801,0.48587282188889513,0.17216737849262545
1638923956155112700,7.3611127929687505,-0.7181938583078312,0.6498293189812778,0.32227348269042405
1638923956175197000,7.381197021484372,-0.5836750317445907,0.7939294045336046,0.446698504666731
1638923956195281700,7.401281738281249,-0.4239663195567499,0.9339089054840861,0.5257092141934354
1638923956215366000,7.421365966796877,-0.246459020749982,1.080913700961631,0.5495711702932469
1638923956235450600,7.44145068359375,-0.05729640885294236,1.2390065121340679,0.5199156703994823
1638923956255534800,7.4615349121093715,0.1384689827660532,1.4043860931042618,0.44887190994038234
1638923956275619800,7.481619873046878,0.3363974873150136,1.5662051285183036,0.3563131814141972
1638923956295704800,7.501704833984373,0.5319771019623295,1.708647268481047,0.2659490320765373
1638923956315788800,7.521788818359376,0.7199047613127311,1.8138074651583929,0.20109578519855784
1638923956335873800,7.541873779296875,0.8935321194330854,1.8648092394207747,0.18083682631633327
1638923956355957800,7.561957763671877,1.0446214537038243,1.8485170956851227,0.21710809670984635
1638923956376042800,7.582042724609376,1.1635012099334905,1.7572791172232982,0.3131003564668146
1638923956396126700,7.602126708984372,1.2397773656884956,1.5894170996088717,0.46317285794489516
1638923956416212000,7.6222119140625,1.2638347508203307,1.3485837715750564,0.6541385446553366
1638923956436297000,7.642296874999999,1.2291319472602922,1.0424480732959744,0.8674480319580732
1638923956456381000,7.6623808593749985,1.1347431814352007,0.6813009470253389,1.0816993305813214
1638923956476466000,7.682465820312501,0.9872144679643793,0.2770644398258701,1.275050785043977
1638923956496550000,7.7025498046875,0.8010057564328195,-0.15708781902525834,1.4273324168957888
1638923956516635000,7.722634765624999,0.5973965049079475,-0.6065961525883128,1.5217897993270637
1638923956536718800,7.742718750000002,0.40217816778060334,-1.055177356114117,1.5464575232964963
1638923956556803600,7.762803466796875,0.24252477764704608,-1.4846743745309254,1.4952153968458466
1638923956576887800,7.7828876953125,0.1433942762792315,-1.8754570461185411,1.3686081350738741
1638923956596972800,7.802972900390625,0.12391462829962369,-2.20762566810337,1.17441018830213
1638923956617057800,7.823057861328124,0.194301157684289,-2.463058370324509,0.9277359096394383
1638923956637141800,7.843141845703126,0.3536860688594525,-2.6280692760269035,0.6504066214273642
1638923956657226800,7.8632268066406255,0.5890109773569131,-2.6961739316720514,0.36932795413126185
1638923956677310700,7.883310791015624,0.8752299734869932,-2.6701968096174733,0.11373432105258645
1638923956697395700,7.9033957519531235,1.1772936551138566,-2.562804976665495,-0.08862233281755143
1638923956717479700,7.9234797363281295,1.4541761956735615,-2.3948261393893295,-0.21585453511486363
1638923956737565000,7.943564941406251,1.6645753530084548,-2.1915040406798703,-0.25596171574617593
1638923956757650000,7.96364990234375,1.7733057736217657,-1.9776987034115716,-0.20939659267944377
1638923956777734000,7.983733886718749,1.7570552009292595,-1.7733892969866756,-0.0894199515238357
1638923956797819000,8.003818847656252,1.6081541320196335,-1.5905728746751033,0.07978718790039971
1638923956817902800,8.02390283203125,1.3353611577869897,-1.4320548914582898,0.26662950385241774
1638923956837987800,8.04398779296875,0.9613159066932492,-1.2920517488876155,0.4363552461415989
1638923956858071800,8.064071777343749,0.5172292764225057,-1.1581847788839816,0.5553359906990434
1638923956878156800,8.084156738281251,0.03641745645077794,-1.014319959575777,0.5949296001494301
1638923956898241800,8.10424169921875,-0.45121832847755716,-0.8436832721916282,0.5347119650161057
1638923956918326000,8.124325927734372,-0.9222970886783722,-0.6317356623830053,0.36488667482008247
1638923956938410800,8.144410644531249,-1.360508278242103,-0.3684405045529423,0.08760034610151361
1638923956958495000,8.164494873046877,-1.7554182321339529,-0.04974241921662429,-0.28307721978148154
1638923956978579700,8.184579833984376,-2.1004132270436613,0.32177112268550007,-0.722559939442534
1638923956998664000,8.204663818359371,-2.39033267235809,0.7369349768182122,-1.1983727803833586
1638923957018748700,8.224748779296878,-2.6193120934824554,1.1806182201018445,-1.673660060532149
1638923957038833000,8.244833007812499,-2.7795373258722145,1.6326952840869877,-2.111097263141454
1638923957058918000,8.264917968750002,-2.861405663809182,2.0692703747006185,-2.4766510043500434
1638923957079003000,8.2850029296875,-2.85494999245858,2.4641310240173775,-2.7426757001872635
1638923957099087000,8.30508715820313,-2.751912589482736,2.7904380267219127,-2.8900060566902597
1638923957119171800,8.325171874999999,-2.5478748386508805,3.022658269537568,-2.9089343894722863
1638923957139256000,8.345256103515624,-2.2440839307440057,3.13869326560544,-2.79916986278863
1638923957159340800,8.3653408203125,-1.8487747251357025,3.1220290647048383,-2.5690159002104433
1638923957179425000,8.385425048828125,-1.3778618623072363,2.9636284260524026,-2.2340646763016165
1638923957199509800,8.405509765624998,-0.8549254251584439,2.6633352527368324,-1.815705998231225
1638923957219594000,8.425593994140623,-0.310386819889932,2.230752977746389,-1.3396858308922968
1638923957239679000,8.44567895507813,0.22031052283587912,1.685719238159754,-0.8348112150547768
1638923957259764000,8.465763916015625,0.6996934012347721,1.0584279099719458,-0.3317112138293897
1638923957279848000,8.485847900390624,1.0924608460248453,0.38888939309143,0.13857168576235665
1638923957299933000,8.505932861328127,1.3706582104304978,-0.2750086600115649,0.5464260852890546
1638923957320017000,8.52601684570313,1.5188502381825708,-0.8816147953478308,0.8661763058430093
1638923957340102000,8.546101806640625,1.537200210221286,-1.3818900734691841,1.079192373882495
1638923957360185900,8.566185791015624,1.4405210513717055,-1.736989799358775,1.1769103344011704
1638923957380270800,8.586270751953126,1.2538495889017673,-1.9250579817669529,1.162506714242066
1638923957400356000,8.606356201171877,1.007234533210856,-1.9450026695831313,1.0502317884772578
1638923957420440000,8.62644018554688,0.7315159518434872,-1.8157987950916639,0.8625442633017766
1638923957440525000,8.646525146484372,0.4549517186754859,-1.571650758647005,0.6263244481410818
1638923957460609000,8.66660913085937,0.2003297582048789,-1.2550441532757568,0.3696299255835533
1638923957480694000,8.686694091796877,-0.01715242723714209,-0.9099427405694284,0.11964556802511402
1638923957500778000,8.70677807617188,-0.19076778784204698,-0.57627219157429,-0.09850218940809037
1638923957520863000,8.726863037109371,-0.32157342510466663,-0.28572401445619633,-0.26280772896853616
1638923957540947000,8.74694702148437,-0.4162398036038899,-0.058652444786903436,-0.3558661394104277
1638923957561032000,8.76703198242188,-0.48401252173942216,0.09780185751784971,-0.36680732022887813
1638923957581117000,8.787116943359376,-0.5336487579742857,0.18990075282418942,-0.29320806797091326
1638923957601201200,8.807201171875,-0.5710207559001197,0.2354645573153683,-0.14225495989862896
1638923957621286000,8.827285888671877,-0.5977899828568479,0.26012969227776817,0.0694457158295939
1638923957641370000,8.847370117187499,-0.6112583621133509,0.29234839215816744,0.31764475557782446
1638923957661454800,8.867454833984372,-0.6052440244078514,0.3580473552591112,0.5736217861890863
1638923957681539000,8.8875390625,-0.5716560181556221,0.4758712687887571,0.8082030083354106
1638923957701623800,8.907623779296877,-0.502398445006917,0.6537685757752595,0.9958686856073996
1638923957721708000,8.927708007812502,-0.391308938609014,0.8874214030254726,1.1181971983875298
1638923957741793000,8.94779296875,-0.2359114605918329,1.1607139449238901,1.1661034317110812
1638923957761878000,8.9678779296875,-0.03875739291586301,1.4480908020701537,1.1406386341694406
1638923957781962000,8.987961914062499,0.19186563611571952,1.7183296412883498,1.052377186230697
1638923957802047000,9.008046875000002,0.4419825607174684,1.9390175215259131,0.9195721659728173
1638923957822131000,9.028130859375,0.6927577424562927,2.080933152617576,0.7653677500332332
1638923957842216000,9.0482158203125,0.922080956650607,2.1216030211169605,0.6144448659600077
1638923957862300000,9.0682998046875,1.1068787177271793,2.047503827062396,0.48953027235280344
1638923957882385000,9.088385009765624,1.226047411317977,1.854719856879069,0.4082144548383569
1638923957902468900,9.10846875,1.2637536228811541,1.5482744482870985,0.3805083057153287
1638923957922554000,9.128554199218753,1.2126495097502195,1.140692828099366,0.40750216236905756
1638923957942638800,9.148638916015624,1.0763610496556366,0.650444549431245,0.4813500231851486
1638923957962723000,9.16872314453125,0.8705434129979218,0.10068966555449102,0.5866050644262092
1638923957982807800,9.18880786132813,0.6220258254154477,-0.4816447637503909,0.7027284612494701
1638923958002892000,9.20889208984375,0.36602980767608023,-1.0667404326338281,0.807413096177745
1638923958022976800,9.228976806640624,0.14183438989237035,-1.6230726561165212,0.8802034381540919
1638923958043061000,9.249061035156249,-0.012544298515735564,-2.119161259466488,0.9057815810348749
1638923958063146000,9.269145996093751,-0.06594469487126253,-2.5259740958162995,0.8763363624766086
1638923958083231000,9.28923095703125,0.0008995418784924129,-2.81985721247907,0.7926784320652689
1638923958103315700,9.309315673828124,0.1916008270602947,-2.985646108237544,0.6640388203187255
1638923958123401000,9.329400878906249,0.4921693829710393,-3.0194031678835316,0.5066161636182418
1638923958143485000,9.349484863281251,0.8713225985569962,-2.930000662866136,0.34099839797841597
1638923958163570000,9.36956982421875,1.2834254564829415,-2.738714509715394,0.18875846140365438
1638923958183654000,9.38965380859375,1.6740825505656702,-2.4764348803222362,0.06879878688925865
1638923958203739000,9.409738769531248,1.9878025166589786,-2.1789219819587715,-0.005789730673259366
1638923958223822800,9.429822753906253,2.176537400572806,-1.8811879642270197,-0.02966828368294502
1638923958243907800,9.449907958984376,2.2074444065607435,-1.6122405016071362,-0.005693567670249498
1638923958263991800,9.469991699218747,2.0681484324149997,-1.391197088380029,0.05593718105198642
1638923958284077000,9.4900771484375,1.7682401846841413,-1.225371874035593,0.13933412778871207
1638923958304161800,9.510161865234377,1.3365980201282979,-1.1104332199469669,0.22484581560480008
1638923958324246000,9.530246093750002,0.8151534441962379,-1.032242122708847,0.29098596299370116
1638923958344330800,9.550330810546876,0.2506997068650446,-0.9697149342115655,0.31637686291702966
1638923958364415000,9.5704150390625,-0.3131101148259077,-0.8981120847108878,0.2819158188798372
1638923958384499700,9.590499755859376,-0.8416616293068955,-0.7923790647911659,0.17325375012864677
1638923958404584000,9.610583984375,-1.3121827420448817,-0.6303063086760768,-0.016676945628006645
1638923958424668700,9.630668701171874,-1.7135153197029906,-0.39527195329793047,-0.2856441969046059
1638923958444753000,9.6507529296875,-2.0435595535343616,-0.07831282963859837,-0.6212004333574219
1638923958464838000,9.670837890624998,-2.3053219459149585,0.3206499492110979,-1.0012535825182267
1638923958484923000,9.6909228515625,-2.50269541392195,0.7924304062095846,-1.3961715692942431
1638923958505006800,9.7110068359375,-2.637246098375393,1.3189010501267058,-1.7721165200548128
1638923958525091800,9.731091796875,-2.7068576309041132,1.8738777251641863,-2.095067221932524
1638923958545175800,9.751175781250002,-2.70613641566982,2.4245116745724893,-2.3349163540013205
1638923958565260800,9.7712607421875,-2.627875041111592,2.933214892814761,-2.4690533394136502
1638923958585344800,9.7913447265625,-2.4650296283751922,3.3601817220719945,-2.4849091744110496
1638923958605429800,9.8114296875,-2.213039592419349,3.666519032489227,-2.3810952144338673
1638923958625513700,9.831513671875,-1.8723467415354818,3.817836186922981,-2.167033084937722
1638923958645599000,9.85159887695313,-1.4507440998804517,3.7879637166134263,-1.8612549233762699
1638923958665683700,9.87168359375,-0.9650352072584176,3.562390188091773,-1.4887668262153901
1638923958685768000,9.891767822265624,-0.44150710280886757,3.141064672075382,-1.0779944677967976
1638923958705852700,9.911852783203123,0.08517318907841474,2.5403072918739515,-0.6578451344867826
1638923958725937000,9.931937011718752,0.5748821646004224,1.7935421895062846,-0.2552941846883822
1638923958746021600,9.952021728515623,0.9868219901385451,0.9503995470787842,0.10633844766720692
1638923958766105900,9.97210595703125,1.2857938241614284,0.07362470524337021,0.4085090505332408
1638923958786190800,9.992190917968747,1.4486869596468501,-0.7665715894482465,0.6381633483822452
1638923958806274800,10.012274902343751,1.4688546057867709,-1.5004976497386888,0.7881197900532015
1638923958826359800,10.03235986328125,1.3563989101444347,-2.0682754563358507,0.857026516034935
1638923958846444800,10.05244482421875,1.134758674667446,-2.428689552519504,0.8488345118982742
1638923958866528800,10.072528808593749,0.8359832624616591,-2.565364999333949,0.7719358041588866
1638923958886613800,10.092613769531251,0.4963739936828468,-2.4882985235519515,0.6382300864156225
1638923958906697700,10.11269775390625,0.15241067997653165,-2.230218094073212,0.46235603806445613
1638923958926782700,10.13278271484375,-0.163367263050368,-1.8392194530429737,0.2611807838839843
1638923958946866700,10.152866699218752,-0.4260898487242343,-1.37012129813224,0.05335669873831393
1638923958966952000,10.172951904296877,-0.6210870416453287,-0.8765491200393515,-0.1414642948226824
1638923958987035600,10.19303564453125,-0.7444851958930985,-0.4047649015127137,-0.3040475242650704
1638923959007121000,10.213120849609371,-0.8015785398714759,0.01047921614296237,-0.4175351116570968
1638923959027206000,10.233205810546878,-0.8034946695931854,0.34809644598664585,-0.46954898228142955
1638923959047289900,10.25328979492188,-0.7632845882482018,0.6009289461407942,-0.45396398233143254
1638923959067374800,10.273374755859376,-0.692544739003444,0.7742863447885098,-0.37196959505605426
1638923959087458600,10.293458496093749,-0.5992216194333851,0.8830877094949255,-0.23217714878164664
1638923959107543800,10.313543701171875,-0.4867703155434505,0.9480922243143701,-0.04968602356584008
1638923959127627500,10.33362744140625,-0.3545448950536936,0.9917670361870701,0.15580601773883393
1638923959147712800,10.353712646484372,-0.19919263904198972,1.034330775048576,0.36261679773380256
1638923959167797500,10.373797607421874,-0.016814480221893007,1.0904631905715336,0.5500859255894741
1638923959187881700,10.3938818359375,0.1943926014805511,1.167072267685381,0.7015636799337173
1638923959207966500,10.413966552734376,0.4314498639040371,1.2623457235681466,0.8069196441770042
1638923959228050700,10.43405078125,0.684485883463771,1.3661027229672276,0.864123467864223
1638923959248135700,10.4541357421875,0.9358988513277063,1.461241169853483,0.8795523158422704
1638923959268219600,10.4742197265625,1.1614105812904651,1.5259124026236273,0.866840351711511
1638923959288304600,10.4943046875,1.3333114159036432,1.5360413675795161,0.8442869854939697
1638923959308389600,10.5143896484375,1.4255688469775054,1.4679755576592728,0.8311046979216997
1638923959328473600,10.5344736328125,1.419710075676274,1.3012718275266484,0.8431217304334895
1638923959348558600,10.55455859375,1.309895470606159,1.0216977338350905,0.8888489307027589
1638923959368642600,10.574642578125,1.1056879655137877,0.6242999484181166,0.966879664934313
1638923959388727600,10.5947275390625,0.8316959739835225,0.11600756001399211,1.065357551081771
1638923959408811500,10.6148115234375,0.5242452352685822,-0.48297937479878916,1.1638433431639905
1638923959428896800,10.634896728515624,0.22604510485426005,-1.1396005512005891,1.2374319529254705
1638923959448981500,10.6549814453125,-0.019960268178758223,-1.8103065118774877,1.262405107260549
1638923959469065700,10.67506567382813,-0.17667418467859552,-2.4451854106205206,1.222150726130067
1638923959489150500,10.695150390625,-0.21829467115375195,-2.9934429478437723,1.1118094178439468
1638923959509234700,10.715234619140624,-0.13451829750382144,-3.4096213824223027,0.9403351637610302
1638923959529319400,10.7353193359375,0.06724094243803534,-3.6596364977631333,0.7293255813254771
1638923959549403600,10.755403564453124,0.3621551318993681,-3.7255439736460785,0.5088096784492157
1638923959569488600,10.775488525390625,0.7108450486463205,-3.6081016537738058,0.3109033348972455
1638923959589573600,10.79557373046875,1.0644414573204561,-3.326520840330618,0.16277120872765222
1638923959609657600,10.815657714843748,1.371322368978332,-2.915206823886794,0.08066112398631181
1638923959629742600,10.835742675781251,1.5847127483520111,-2.417965196417932,0.06668766135109525
1638923959649826600,10.85582666015625,1.6697134307203398,-1.8809752615986908,0.10925034597103692
1638923959669911600,10.87591162109375,1.608043350501126,-1.3461892584002895,0.18668936108713696
1638923959689995500,10.895995605468752,1.3995564504890763,-0.8464141937196638,0.2727534255334132
1638923959710080500,10.91608056640625,1.060866043669588,-0.40260077421231194,0.3421968363271463
1638923959730165800,10.936165771484376,0.6220469398726255,-0.023310471937417393,0.3751846736020963
1638923959750249700,10.956249755859371,0.12227021756389052,0.29395200834273505,0.35975391848161314
1638923959770334700,10.976334716796876,-0.3950377125002984,0.5600002203568301,0.29213180252169735
1638923959790418700,10.99641870117188,-0.8870379001562958,0.7903929610767026,0.1752325705459995
1638923959810503700,11.016503662109372,-1.3158941915963218,1.001676482028499,0.016104767764790383
1638923959830587600,11.03658764648437,-1.6523792120362182,1.2080258450021666,-0.1766818539544195
1638923959850672600,11.056672607421875,-1.8783230324906526,1.4186284726353808,-0.39485874811199684
1638923959870757600,11.076757568359376,-1.9875641894217237,1.6359182712735396,-0.6310568981501182
1638923959890841600,11.096841552734372,-1.9851475547106694,1.8546961061520453,-0.8782669182435543
1638923959910926600,11.116926513671874,-1.8848272130317751,2.062199069762524,-1.1286668625970986
1638923959931010800,11.1370107421875,-1.7054414391486348,2.2391771740350093,-1.3724672882606799
1638923959951095600,11.157095458984376,-1.4671475569398615,2.3619730542239243,-1.597277370209872
1638923959971179800,11.1771796875,-1.1885369916613797,2.4055166041706904,-1.7882350992657254
1638923959991264500,11.197264404296876,-0.8852419379176465,2.3470467443969625,-1.9289513198849602
1638923960011348700,11.2173486328125,-0.570032447337739,2.1702169050909097,-2.0032290912148447
1638923960031433500,11.23743359375,-0.25391577260510484,1.8690387162678541,-1.9974388222539101
1638923960051518700,11.257518798828126,0.05243226827108211,1.4509768318158953,-1.9032567257914015
1638923960071602700,11.277602783203124,0.33746743736740886,0.9385230361213724,-1.7202371860866048
1638923960091687700,11.297687744140624,0.5881275553770383,0.3687248403113056,-1.4575243308020938
1638923960111771600,11.317771728515623,0.7898997544242433,-0.20964842301064748,-1.1340343475730252
1638923960131856600,11.33785668945313,0.9278172652005644,-0.7413449507957656,-0.7766934105828213
1638923960151940600,11.357940673828123,0.9886468773526926,-1.1719309212745095,-0.416763592241548
1638923960172025600,11.378025634765624,0.9642204688399312,-1.4562841924106316,-0.08486870788703989
1638923960192110600,11.398110595703123,0.8550104470930905,-1.5667653016602545,0.19409332730945209
1638923960212194600,11.41819458007813,0.6721862494333598,-1.499016902393859,0.4047286379785331
1638923960232279600,11.438279541015625,0.43675962744350766,-1.2734956692601953,0.5426313676896042
1638923960252363800,11.45836376953125,0.17617508219224287,-0.9319865876801117,0.6135069881877419
1638923960272448500,11.478448486328126,-0.0799909545393826,-0.5299416059087287,0.6305829447212209
1638923960292532700,11.498532714843751,-0.3039294995725241,-0.1266110492845991,0.6111156142239718
1638923960312617500,11.518617431640624,-0.47285362275593523,0.22479300545050523,0.572696085810556
1638923960332701700,11.53870166015625,-0.5717641845524933,0.4850060084842348,0.5300001951848986
1638923960352786400,11.55878637695313,-0.5955448560176154,0.633408469423518,0.492590030865291
1638923960372871700,11.578871582031253,-0.5497782941157918,0.6689764287276714,0.46419292358012126
1638923960392955600,11.59895556640625,-0.44971736693445524,0.6077560208906889,0.4435047443172713
1638923960413040600,11.61904052734375,-0.31738029794329603,0.4777935965102355,0.4261067201334819
1638923960433124600,11.639124511718752,-0.17738209862783572,0.31280272315122687,0.40678093262996784
1638923960453209600,11.65920971679688,-0.052548363141441165,0.1459043302950439,0.38150998290559146
1638923960473293600,11.67929345703125,0.03959185255387702,0.004588552981846331,0.34868891335501395
1638923960493378600,11.699378662109371,0.08876489097892719,-0.0923936223930402,0.30938430968467606
1638923960513462500,11.719462646484374,0.09236768709635675,-0.1360893479730327,0.26673792540714886
1638923960533547500,11.73954760742188,0.054751504996563345,-0.12670727907082138,0.22482060958405237
1638923960553632500,11.759632568359372,-0.014265021408587904,-0.071847644799994,0.18736592403099403
1638923960573716700,11.779716796875,-0.10145577931128923,0.015831230399698037,0.15678227503752842
1638923960593801500,11.799801513671875,-0.19256485830474265,0.12104275152253964,0.1336752286888516
1638923960613885700,11.819885742187498,-0.27457337214701993,0.2280914984368983,0.11691795840254411
1638923960633970400,11.839970458984372,-0.3374029836683704,0.3227180005971002,0.10415858554219361
1638923960654054700,11.8600546875,-0.37478695825813424,0.39347514435510883,0.09255623677528556
1638923960674139400,11.88013940429688,-0.38430224072937524,0.4325774568122104,0.07951029687292642
1638923960694223600,11.900223632812502,-0.3667621753807013,0.43622176365132614,0.06320857586505788
1638923960714308600,11.92030859375,-0.3252590547844271,0.4044486784362711,0.042931121206457916
1638923960734392600,11.940392578125,-0.26414428998665224,0.3406554414898268,0.019131106144754263
1638923960754477600,11.9604775390625,-0.18819124858586248,0.2508764157898545,-0.006663377082212267
1638923960774562600,11.9805625,-0.10210129865478498,0.1429435624687777,-0.03209562477754929
